player,first,last,name,position,week3-cur,week3-pred,week3-act,week3-diff,week3-pct,rank-cur,rank-pred,rank-act
RM-5050,Raheem,Mostert,Raheem Mostert,RB,25.1,336,132.1,204.37168022808643,0.6073963790639009,62.0,1.0,69.0
JG-0650,Jimmy,Garoppolo,Jimmy Garoppolo,QB,33.12,317,219.24,98.28000000000006,0.30952380952380965,31.0,2.0,21.0
TG-1950,Todd,Gurley,Todd Gurley,RB,22.8,296,165.60000000000005,130.56190301327092,0.4408463805941322,72.0,3.0,41.0
SB-0212,Saquon,Barkley,Saquon Barkley,RB,33.4,281,162.7,119.13333333333333,0.4227084565345949,29.0,4.0,45.0
MB-4075,Marquise,Brown,Marquise Brown,WR,39.3,275,65.1,210.0,0.7633587786259541,16.0,5.0,189.0
DP-2037,Dak,Prescott,Dak Prescott,QB,62.06,271,282.68,-10.729999999999905,-0.039455782312924806,3.0,6.0,5.0
RW-3850,Russell,Wilson,Russell Wilson,QB,41.84,268,291.7999999999999,-22.98771929824557,-0.08551588208036634,14.0,7.0,3.0
KM-3500,Kyler,Murray,Kyler Murray,QB,37.98,265,250.3,15.560000000000029,0.05852704430903495,22.0,8.0,9.0
TB-2300,Tom,Brady,Tom Brady,QB,51.3,257,214.38,42.90789114329354,0.1667699593347612,5.0,9.0,23.0
PR-0300,Philip,Rivers,Philip Rivers,QB,35.84,245,204.66,40.91728244474777,0.16661672463108926,23.0,10.0,26.0
DW-1725,Deshaun,Watson,Deshaun Watson,QB,43.58,244,280.40000000000003,-36.36764705882357,-0.1490279736293405,13.0,11.0,6.0
CK-0250,Case,Keenum,Case Keenum,QB,45.94,243,59.540000000000006,183.9117080185117,0.7554340428144678,9.0,12.0,198.0
AK-0050,Alvin,Kamara,Alvin Kamara,RB,22.9,238,146.61999999999995,91.39470588235297,0.3839876428792092,71.0,13.0,54.0
MR-2500,Matt,Ryan,Matt Ryan,QB,38.66,238,230.68000000000004,7.699109834677586,0.032297753943359916,18.0,13.0,16.0
GM-1350,Gardner,Minshew,Gardner Minshew,QB,33.72,236,198.52000000000004,37.51999999999995,0.1589561091340449,26.0,15.0,28.0
JJ-0587,Josh,Jacobs,Josh Jacobs,RB,33.2,232,138.4,94.00000000000004,0.40447504302926,30.0,16.0,63.0
TM-2275,Terry,McLaurin,Terry McLaurin,WR,32.7,228,105.2,123.70000000000003,0.5404106596767149,32.0,17.0,110.0
EE-0250,Ezekiel,Elliott,Ezekiel Elliott,RB,30.3,227,227.3,0.3999999999999773,0.0017566974088712222,42.0,18.0,17.0
AR-1300,Aaron,Rodgers,Aaron Rodgers,QB,27.28,227,255.10000000000005,-27.293127054731823,-0.1198081809467142,52.0,18.0,7.0
BM-0650,Baker,Mayfield,Baker Mayfield,QB,25.4,224,207.78,16.803333333333338,0.07482003710575144,60.0,20.0,24.0
CW-1425,Carson,Wentz,Carson Wentz,QB,44.56,222,235.30000000000004,-12.418000000000037,-0.055715580441668834,11.0,21.0,12.0
KC-2350,Kirk,Cousins,Kirk Cousins,QB,25.22,221,225.16000000000003,-3.258178013971417,-0.014682970986045162,61.0,22.0,18.0
PM-0025,Patrick,Mahomes,Patrick Mahomes,QB,62.94,219,233.1,-13.66764705882349,-0.06228638063452474,2.0,23.0,14.0
MS-4100,Matthew,Stafford,Matthew Stafford,QB,43.7,214,126.86,87.44370350421377,0.4080363618284105,12.0,24.0,80.0
AD-0100,Andy,Dalton,Andy Dalton,QB,41.36,211,164.26,47.62695391438832,0.22477530133182105,15.0,25.0,43.0
DA-0212,Davante,Adams,Davante Adams,WR,14.2,208,115.49999999999996,92.784369708271,0.4454696712875164,132.0,26.0,95.0
DH-3950,DeAndre,Hopkins,DeAndre Hopkins,WR,27.1,208,139.44000000000003,68.81840592356127,0.3304471942842981,53.0,26.0,60.0
JA-1087,Josh,Allen,Josh Allen,QB,38.18,206,253.38,-46.51333333333332,-0.22484692233322584,20.0,28.0,8.0
CM-1225,Christian,McCaffrey,Christian McCaffrey,RB,38.2,205,325.0,-119.27941176470587,-0.5798127099864177,19.0,29.0,2.0
JJ-4700,Julio,Jones,Julio Jones,WR,33.7,203,143.4,59.94727352274964,0.2948024455122236,27.0,30.0,57.0
JW-5650,Jameis,Winston,Jameis Winston,QB,20.28,203,288.08,-85.03618991370105,-0.4188071031446781,84.0,30.0,4.0
KH-2850,Kareem,Hunt,Kareem Hunt,RB,0.0,201,60.8,140.5529411764706,0.6980426526438797,370.0,32.0,197.0
JG-1850,Jared,Goff,Jared Goff,QB,28.56,198,221.0,-22.909999999999968,-0.1156545004795798,45.0,33.0,20.0
EM-0200,Eli,Manning,Eli Manning,QB,25.04,192,31.34,160.67285879593197,0.8367817645311576,63.0,34.0,297.0
MM-0912,Marcus,Mariota,Marcus Mariota,QB,38.68,192,48.34000000000001,144.616025848233,0.7494765981653189,17.0,34.0,239.0
JS-3825,Joey,Slye,Joey Slye,K,27.0,189,97.0,92.0,0.4867724867724868,56.0,36.0,126.0
DC-0725,Derek,Carr,Derek Carr,QB,24.28,188,225.12,-36.35031495105361,-0.19256436721620995,67.0,37.0,19.0
LJ-0150,Lamar,Jackson,Lamar Jackson,QB,66.44000000000001,187,357.94,-170.45666666666668,-0.9091830384923104,1.0,38.0,1.0
JF-1900,Joe,Flacco,Joe Flacco,QB,30.5,183,55.38,128.58422918983848,0.6989632155996389,40.0,39.0,213.0
MT-1800,Mitchell,Trubisky,Mitchell Trubisky,QB,13.82,182,189.0,-6.194117647058874,-0.033883579496090645,136.0,40.0,31.0
TH-1750,Tyreek,Hill,Tyreek Hill,WR,2.1,179,136.2,43.590000000000096,0.24244952444518644,301.0,41.0,65.0
PL-0275,Phillip,Lindsay,Phillip Lindsay,RB,13.2,170,149.5,21.333333333333343,0.12487804878048785,140.0,42.0,53.0
NC-0175,Nick,Chubb,Nick Chubb,RB,24.3,170,196.9,-26.233333333333288,-0.15371093749999973,66.0,42.0,29.0
JW-2550,James,White,James White,RB,17.1,165,105.10000000000002,60.27767365484471,0.364484953275184,99.0,44.0,112.0
OB-0075,Odell,Beckham Jr.,Odell Beckham Jr.,WR,31.200000000000006,163,98.1,65.71201112827657,0.4011428141054892,36.0,45.0,121.0
LM-1000,LeSean,McCoy,LeSean McCoy,RB,11.6,163,78.99999999999999,84.51417735913421,0.5168614656178196,160.0,45.0,159.0
JH-5575,Jordan,Howard,Jordan Howard,RB,8.1,163,93.3,70.46999999999998,0.4302985894852537,203.0,45.0,132.0
BC-2325,Brandin,Cooks,Brandin Cooks,WR,17.5,161,58.0,103.05632224876608,0.6398775335847185,95.0,48.0,203.0
DJ-1325,David,Johnson,David Johnson,RB,27.1,161,78.4,83.03711397670784,0.5143619823920319,53.0,48.0,160.0
MT-0875,Michael,Thomas,Michael Thomas,WR,21.200000000000006,160,204.4,-44.230000000000075,-0.2761440968970475,78.0,50.0,27.0
KA-0650,Keenan,Allen,Keenan Allen,WR,28.1,160,129.39999999999998,31.10672608704257,0.19380325575997007,46.0,50.0,73.0
AT-0350,Adam,Thielen,Adam Thielen,WR,17.8,159,66.60000000000001,92.66429586427341,0.5818271782850992,92.0,52.0,185.0
AB-3500,Antonio,Brown,Antonio Brown,WR,12.1,157,0.0,157.38061065160338,1.0,155.0,53.0,570.0
JS-4750,Juju,Smith-Schuster,Juju Smith-Schuster,WR,16.2,153,57.00000000000001,96.44117647058826,0.6285221391604371,110.0,54.0,209.0
SD-0175,Sam,Darnold,Sam Darnold,QB,13.0,152,177.16,-24.326666666666714,-0.15917121046892074,141.0,55.0,36.0
ME-0600,Mike,Evans,Mike Evans,WR,8.899999999999997,150,160.8,-10.00975609756108,-0.0663819875776405,196.0,56.0,49.0
CR-0862,Calvin,Ridley,Calvin Ridley,WR,28.9,148,105.1,42.98333333333335,0.2902644907146877,44.0,57.0,113.0
DM-2275,D.K.,Metcalf,D.K. Metcalf,WR,21.0,147,112.09999999999998,34.90000000000002,0.2374149659863947,79.0,58.0,99.0
TK-0150,Travis,Kelce,Travis Kelce,TE,25.5,146,131.8,15.011495778885575,0.10225013851432012,58.0,59.0,70.0
FG-0200,Frank,Gore,Frank Gore,RB,16.3,145,65.60000000000001,79.69582413842328,0.5485073271100833,108.0,60.0,188.0
TL-1025,Tyler,Lockett,Tyler Lockett,WR,20.3,140,134.9,5.7824943618619224,0.041103154931190336,83.0,61.0,67.0
JM-5275,Joe,Mixon,Joe Mixon,RB,4.4,139,186.1,-46.64411764705884,-0.33447221343456723,245.0,62.0,33.0
TH-1875,T.J.,Hockenson,T.J. Hockenson,TE,19.8,138,28.9,109.7,0.7914862914862915,85.0,63.0,306.0
LF-0200,Larry,Fitzgerald,Larry Fitzgerald,WR,27.700000000000006,137,74.7,62.32181818181816,0.4548313473633926,50.0,64.0,171.0
TH-1850,T.Y.,Hilton,T.Y. Hilton,WR,31.0,137,49.1,88.8241389287023,0.6440072029350753,38.0,64.0,234.0
DH-2450,Derrick,Henry,Derrick Henry,RB,45.2,137,239.3,-101.82199999999996,-0.7406421391058929,10.0,64.0,11.0
LF-0650,Leonard,Fournette,Leonard Fournette,RB,16.099999999999998,137,167.3,-29.344117647058827,-0.2127065344845965,111.0,64.0,40.0
NA-0050,Nelson,Agholor,Nelson Agholor,WR,17.8,136,37.2,99.62547480882023,0.7281208046090993,92.0,68.0,275.0
LM-1850,Latavius,Murray,Latavius Murray,RB,13.0,125,110.20000000000003,15.216402147155547,0.12132705042281147,141.0,69.0,103.0
AC-2350,Amari,Cooper,Amari Cooper,WR,27.0,124,144.50000000000003,-20.36701738461125,-0.16407418041114838,56.0,70.0,56.0
RT-0150,Ryan,Tannehill,Ryan Tannehill,QB,-0.2,124,231.38,-107.134190658471,-0.8622760898436316,607.0,70.0,15.0
LB-0250,Le'Veon,Bell,Le'Veon Bell,RB,28.1,124,120.9,3.2532610391496632,0.026203589111717343,46.0,70.0,86.0
MM-0050,Marlon,Mack,Marlon Mack,RB,33.7,122,135.6,-13.349999999999996,-0.10920245398773,27.0,73.0,66.0
BAL,Baltimore,Ravens,Baltimore Ravens,DF,16.0,122,119.0,3.3169934640522456,0.027118010099120668,112.0,73.0,90.0
AP-0700,Adrian,Peterson,Adrian Peterson,RB,9.2,122,120.79999999999998,2.141775376100981,0.017421054556507786,192.0,73.0,87.0
SM-2625,Sony,Michel,Sony Michel,RB,13.9,121,126.90000000000002,-5.233333333333333,-0.04301369863013699,135.0,76.0,79.0
DM-2787,David,Montgomery,David Montgomery,RB,17.3,121,128.1,-6.999999999999987,-0.05780346820809236,97.0,76.0,75.0
TW-2875,Tyrell,Williams,Tyrell Williams,WR,27.1,121,77.99999999999999,43.9053409486807,0.36015928922395474,53.0,76.0,161.0
JL-0215,Jarvis,Landry,Jarvis Landry,WR,10.9,120,145.49999999999997,-25.120487804878067,-0.2086774347794376,171.0,79.0,55.0
NE,New England,Patriots,New England Patriots,DF,38.0,120,151.0,-30.45551242786705,-0.252649565660501,21.0,79.0,52.0
MI-0100,Mark,Ingram,Mark Ingram,RB,30.4,119,185.6,-66.19982258875048,-0.5544365513020866,41.0,81.0,34.0
DS-0150,Deebo,Samuel,Deebo Samuel,WR,17.1,119,117.1,2.6000000000000085,0.02172096908939021,99.0,81.0,92.0
TC-1975,Tarik,Cohen,Tarik Cohen,RB,7.4,118,75.50000000000001,43.38823529411765,0.3649497798228687,213.0,83.0,168.0
CHI,Chicago,Bears,Chicago Bears,DF,13.0,118,77.0,41.07783466151143,0.3478877706325448,141.0,83.0,162.0
DJ-0200,DeSean,Jackson,DeSean Jackson,WR,31.4,115,0.5,115.0910040130442,0.9956744038667268,35.0,85.0,552.0
ES-0200,Emmanuel,Sanders,Emmanuel Sanders,WR,32.4,114,91.4,22.979526932781734,0.2009059448749625,33.0,86.0,135.0
AE-0550,Austin,Ekeler,Austin Ekeler,RB,52.7,114,170.3,-56.29999999999998,-0.4938596491228067,4.0,86.0,38.0
JC-4075,James,Conner,James Conner,RB,17.0,113,94.5,18.61764705882358,0.16458658346333893,102.0,88.0,130.0
PIT,Pittsburgh,Steelers,Pittsburgh Steelers,DF,7.0,112,157.0,-44.45098039215691,-0.39494773519163817,220.0,89.0,51.0
SD-0537,Stefon,Diggs,Stefon Diggs,WR,16.6,111,142.4,-30.46363636363634,-0.2721513847153412,106.0,90.0,59.0
GK-0075,George,Kittle,George Kittle,TE,10.8,110,128.70000000000002,-17.964705882352945,-0.16223107569721118,173.0,91.0,74.0
GB,Green Bay,Packers,Green Bay Packers,DF,23.0,110,81.0,29.38705302478036,0.2662182948047664,68.0,91.0,153.0
PHI,Philadelphia,Eagles,Philadelphia Eagles,DF,8.0,110,98.0,12.352941176470553,0.1119402985074624,204.0,91.0,122.0
SEA,Seattle,Seahawks,Seattle Seahawks,DF,11.0,109,101.0,8.25490196078428,0.07555635319454387,167.0,94.0,118.0
AJ-0430,Alshon,Jeffery,Alshon Jeffery,WR,17.1,108,62.1,46.80230134023016,0.4297641166830024,99.0,95.0,194.0
KJ-0587,Kerryon,Johnson,Kerryon Johnson,RB,21.0,107,54.0,53.00000000000003,0.4953271028037384,79.0,96.0,219.0
AJ-1143,Aaron,Jones,Aaron Jones,RB,24.9,107,244.90000000000003,-137.56176470588238,-1.2815728181942734,64.0,96.0,10.0
MJ-2250,Marvin,Jones,Marvin Jones,WR,10.3,105,121.6,-16.13084408194149,-0.152943710808437,179.0,98.0,85.0
CAR,Carolina,Panthers,Carolina Panthers,DF,11.0,105,82.0,23.686274509803912,0.2241187384044526,167.0,98.0,148.0
CC-0750,Chris,Carson,Chris Carson,RB,24.8,105,170.99999999999997,-65.60294117647057,-0.6224361657597319,65.0,98.0,37.0
AH-3862,Adam,Humphries,Adam Humphries,WR,0.5,104,49.0,55.412065307008326,0.5307055764492091,357.0,101.0,235.0
MB-3537,Matt,Breida,Matt Breida,RB,16.9,104,69.4,35.11470588235291,0.3359786126354296,103.0,101.0,179.0
KG-0650,Kenny,Golladay,Kenny Golladay,WR,27.9,103,163.1,-59.158823529411755,-0.5691567628749292,49.0,103.0,44.0
PW-1150,Preston,Williams,Preston Williams,WR,14.7,102,44.1,58.8,0.5714285714285714,124.0,104.0,257.0
CK-1300,Cooper,Kupp,Cooper Kupp,WR,17.2,102,161.4,-58.517647058823535,-0.5687821612349916,98.0,104.0,48.0
TEN,Tennessee,Titans,Tennessee Titans,DF,28.0,102,99.0,3.2446352059069032,0.03173403865515922,48.0,104.0,120.0
RA-1125,Robby,Anderson,Robby Anderson,WR,10.4,101,101.8,-0.18999999999999773,-0.0018698946954039735,176.0,107.0,116.0
DL-1700,Dion,Lewis,Dion Lewis,RB,2.7,101,38.6,63.051948424154965,0.6202728959120699,288.0,107.0,271.0
SW-0450,Sammy,Watkins,Sammy Watkins,WR,46.7,100,43.8,56.573170731707314,0.5636284110514421,8.0,109.0,259.0
CH-5000,Carlos,Hyde,Carlos Hyde,RB,17.5,100,127.7,-27.250334566320817,-0.27128347763699184,95.0,109.0,77.0
NYG,New York,Giants,New York Giants,DF,-1.0,100,72.0,28.50468513123519,0.2836154861240037,613.0,109.0,175.0
ARI,Arizona,Cardinals,Arizona Cardinals,DF,7.0,100,56.0,44.424836601307156,0.4423690205011388,220.0,109.0,211.0
MIA,Miami,Dolphins,Miami Dolphins,DF,-3.0,99,44.0,55.55555555555557,0.5580357142857143,615.0,113.0,258.0
MIN,Minnesota,Vikings,Minnesota Vikings,DF,21.0,98,122.0,-23.771241830065375,-0.2419988023155236,79.0,114.0,84.0
DM-2850,D.J.,Moore,D.J. Moore,WR,14.5,98,133.0,-34.249999999999986,-0.3468354430379745,127.0,114.0,68.0
MH-0875,Mecole,Hardman,Mecole Hardman,WR,14.1,98,87.4,11.299999999999995,0.11448834853090167,133.0,114.0,139.0
AS-0575,Austin,Seibert,Austin Seibert,K,14.0,98,98.0,0.0,0.0,134.0,114.0,122.0
SS-1250,Sterling,Shepard,Sterling Shepard,WR,4.2,98,80.60000000000002,18.279999999999987,0.18487055016181214,250.0,114.0,156.0
LA,Los Angeles,Rams,Los Angeles Rams,DF,16.0,98,117.0,-18.03921568627453,-0.18228650683574427,112.0,114.0,93.0
GB-0350,Giovani,Bernard,Giovani Bernard,RB,7.600000000000001,97,30.799999999999994,66.7486530073774,0.6842601199457807,208.0,120.0,299.0
DEN,Denver,Broncos,Denver Broncos,DF,1.0,97,91.0,6.186104596059423,0.0636521509095473,334.0,120.0,136.0
BUF,Buffalo,Bills,Buffalo Bills,DF,13.0,97,109.0,-11.895324244319909,-0.1225000150790792,141.0,120.0,105.0
LAC,Los Angeles,Chargers,Los Angeles Chargers,DF,9.0,97,65.0,32.679738562091515,0.33456005352960866,193.0,120.0,190.0
KC,Kansas City,Chiefs,Kansas City Chiefs,DF,15.0,97,111.0,-13.732026143790849,-0.14117726112081708,122.0,120.0,101.0
JW-3650,Jamaal,Williams,Jamaal Williams,RB,11.6,96,95.70000000000002,0.8294117647058386,0.00859232175502697,160.0,125.0,129.0
DC-3550,Dalvin,Cook,Dalvin Cook,RB,51.1,95,190.3,-94.34411764705881,-0.9832030651340996,6.0,126.0,30.0
IND,Indianapolis,Colts,Indianapolis Colts,DF,12.0,95,90.0,5.346405228758158,0.05607348505621047,158.0,126.0,137.0
JR-3250,Josh,Rosen,Josh Rosen,QB,0.07999999999999985,95,17.9,77.93333333333334,0.8132173913043479,369.0,126.0,361.0
CIN,Cincinnati,Bengals,Cincinnati Bengals,DF,5.0,95,58.0,37.254901960784345,0.39110745162618377,240.0,126.0,203.0
ZE-0100,Zach,Ertz,Zach Ertz,TE,14.6,95,113.0,-17.533673564037993,-0.18366343629865592,125.0,126.0,96.0
KD-1462,Kenyan,Drake,Kenyan Drake,RB,7.5,94,158.70000000000005,-64.05000000000004,-0.6767036450079245,210.0,131.0,50.0
ATL,Atlanta,Falcons,Atlanta Falcons,DF,9.0,94,58.0,36.248366013071866,0.3846047156726767,193.0,131.0,203.0
CG-1425,Chris,Godwin,Chris Godwin,WR,29.4,94,162.7,-68.24411764705879,-0.7224972754164717,43.0,131.0,45.0
EE-0400,Evan,Engram,Evan Engram,TE,22.4,94,45.0,49.10294117647057,0.5218002812939522,74.0,131.0,251.0
MC-2900,Michael,Crabtree,Michael Crabtree,WR,1.3,93,0.9,92.54456561245772,0.9903686212879134,321.0,135.0,534.0
KS-2350,Kenny,Stills,Kenny Stills,WR,13.5,93,66.6,26.86000000000001,0.2873956772950996,137.0,135.0,186.0
CS-4462,Courtland,Sutton,Courtland Sutton,WR,16.0,93,136.42,-42.83666666666666,-0.4577382012466607,112.0,135.0,64.0
NO,New Orleans,Saints,New Orleans Saints,DF,12.0,92,113.0,-20.535947712418306,-0.22209655757404406,158.0,138.0,96.0
RF-0500,Ryan,Fitzpatrick,Ryan Fitzpatrick,QB,8.36,92,234.1,-141.31692752079715,-1.523089543650034,202.0,138.0,13.0
DET,Detroit,Lions,Detroit Lions,DF,15.0,91,59.0,32.68627450980391,0.3565012831479896,122.0,140.0,199.0
CM-2137,Chase,McLaughlin,Chase McLaughlin,K,13.0,91,74.0,17.0,0.1868131868131868,141.0,140.0,172.0
DAL,Dallas,Cowboys,Dallas Cowboys,DF,7.0,91,85.0,6.091503267973878,0.06687235416517208,220.0,140.0,141.0
MA-1050,Mark,Andrews,Mark Andrews,TE,34.0,91,109.2,-18.19999999999999,-0.19999999999999984,24.0,140.0,104.0
MG-0306,Matt,Gay,Matt Gay,K,13.0,91,127.0,-36.0,-0.3956043956043956,141.0,140.0,78.0
SF,San Francisco,49ers,San Francisco 49ers,DF,31.0,91,109.0,-17.176470588235276,-0.1870595771941061,38.0,140.0,105.0
HOU,Houston,Texans,Houston Texans,DF,11.0,89,80.0,9.518248175182508,0.1063274624918463,167.0,146.0,157.0
MG-1050,Marquise,Goodwin,Marquise Goodwin,WR,14.4,89,11.7,78.00021920684121,0.8695655361441115,128.0,146.0,401.0
MD-0150,Mike,Davis,Mike Davis,RB,3.7,89,1.2,88.28998069781059,0.986590677630693,262.0,146.0,521.0
TB,Tampa Bay,Buccaneers,Tampa Bay Buccaneers,DF,16.0,89,113.0,-23.19813729359042,-0.2583257918539217,112.0,146.0,96.0
DJ-1850,Duke,Johnson,Duke Johnson,RB,12.1,89,97.9,-8.08969857383633,-0.09007539720248203,155.0,146.0,124.0
RW-4050,Robert,Woods,Robert Woods,WR,12.8,88,130.10000000000002,-41.531786681069065,-0.4689242915120642,149.0,151.0,72.0
AB-3150,A.J.,Brown,A.J. Brown,WR,12.5,87,162.60000000000005,-75.10000000000002,-0.8582857142857145,151.0,152.0,47.0
NYJ,New York,Jets,New York Jets,DF,23.0,87,92.0,-4.784563004244276,-0.05485913009272789,68.0,152.0,134.0
EE-0050,Eric,Ebron,Eric Ebron,TE,9.3,87,48.2,39.76631112493681,0.452062961563291,190.0,152.0,240.0
JAC,Jacksonville,Jaguars,Jacksonville Jaguars,DF,3.0,87,97.0,-9.568627450980387,-0.10944157882933386,278.0,152.0,126.0
JE-0100,Julian,Edelman,Julian Edelman,WR,15.579999999999998,87,138.70000000000002,-51.50252722751812,-0.5906424302215726,117.0,152.0,62.0
RF-1400,Royce,Freeman,Royce Freeman,RB,16.299999999999994,86,82.89999999999998,3.4333333333333367,0.03976833976833982,109.0,157.0,147.0
CLE,Cleveland,Browns,Cleveland Browns,DF,11.0,86,77.0,9.539215686274533,0.11022997620935787,167.0,157.0,162.0
WAS,Washington,Redskins,Washington Redskins,DF,2.0,86,77.0,9.37908496732028,0.10858050847457648,303.0,157.0,162.0
CA-0750,C.J.,Anderson,C.J. Anderson,RB,4.3,85,0.0,85.85463010879033,1.0,247.0,160.0,570.0
JG-2900,Jimmy,Graham,Jimmy Graham,TE,9.0,85,53.7,31.89989353512378,0.3726627711520979,193.0,160.0,221.0
CK-0825,Christian,Kirk,Christian Kirk,WR,17.8,85,84.39999999999998,0.8500000000000085,0.00997067448680362,92.0,160.0,142.0
JC-5680,Jamison,Crowder,Jamison Crowder,WR,14.3,84,105.5,-20.725711773834973,-0.2444811063295736,129.0,163.0,108.0
TB-3950,Trey,Burton,Trey Burton,TE,0.5,84,7.9,76.1020913446985,0.9059547223939612,357.0,163.0,428.0
NH-1237,Nyheim,Hines,Nyheim Hines,RB,3.1,84,70.8,13.366666666666687,0.15881188118811904,275.0,163.0,177.0
JB-6950,John,Brown,John Brown,WR,25.5,83,126.32,-42.917560975609796,-0.5145840035092858,58.0,166.0,81.0
JB-5725,Jacoby,Brissett,Jacoby Brissett,QB,33.84,82,186.84,-104.208,-1.2611094975312231,25.0,167.0,32.0
TB-2075,Tyler,Boyd,Tyler Boyd,WR,18.5,81,116.3,-35.24000000000001,-0.4347396989884038,88.0,168.0,94.0
AR-1250,Allen,Robinson,Allen Robinson,WR,14.3,79,142.60000000000005,-63.19966336510055,-0.795962158897471,129.0,169.0,58.0
GE-0150,Gus,Edwards,Gus Edwards,RB,6.699999999999998,78,80.9,-2.1500000000000057,-0.027301587301587372,227.0,170.0,154.0
WF-0300,Will,Fuller,Will Fuller,WR,10.9,77,76.09999999999998,1.180000000000021,0.015269151138716628,171.0,171.0,165.0
AC-0237,Antonio,Callaway,Antonio Callaway,WR,0.0,76,8.9,67.18333333333334,0.8830230010952902,370.0,172.0,423.0
PB-0125,Peyton,Barber,Peyton Barber,RB,19.4,75,81.1,-5.34999999999998,-0.07062706270627035,87.0,173.0,152.0
MS-0150,Mohamed,Sanu,Mohamed Sanu,WR,7.300000000000002,74,57.8,16.52753345410079,0.22236084915029475,216.0,174.0,206.0
TJ-2350,T.J.,Jones,T.J. Jones,WR,9.8,74,0.0,74.91603981063336,1.0,185.0,174.0,570.0
MG-0175,Michael,Gallup,Michael Gallup,WR,22.6,74,128.1,-53.68333333333332,-0.7213885778275474,73.0,174.0,75.0
AM-1975,Anthony,Miller,Anthony Miller,WR,0.2,74,75.3,-0.7833333333333314,-0.010512189666741195,367.0,174.0,169.0
TS-2425,Tre'Quan,Smith,Tre'Quan Smith,WR,13.5,73,39.9,33.6,0.4571428571428572,137.0,178.0,267.0
OH-0250,O.J.,Howard,O.J. Howard,TE,1.2000000000000002,73,48.7,24.932352941176497,0.3386059516676655,326.0,178.0,236.0
DW-2275,Dede,Westbrook,Dede Westbrook,WR,9.5,72,81.2,-8.449999999999989,-0.11615120274914073,189.0,180.0,151.0
JR-2075,Jalen,Richard,Jalen Richard,RB,0.8,72,46.0,26.300000000000008,0.3637621023513141,342.0,180.0,246.0
MW-2825,Mike,Williams,Mike Williams,WR,11.2,71,103.09999999999998,-31.673529411764694,-0.4434424541898289,162.0,182.0,115.0
CD-0975,Corey,Davis,Corey Davis,WR,3.8,70,68.3,2.2441176470588573,0.031811548884720084,260.0,183.0,181.0
DN-1225,David,Njoku,David Njoku,TE,9.7,70,0.4,70.32058823529408,0.9943439384487418,186.0,183.0,557.0
GT-0100,Golden,Tate,Golden Tate,WR,0.0,69,111.2,-41.435708593591016,-0.5939386433699874,370.0,185.0,100.0
VD-0100,Vernon,Davis,Vernon Davis,TE,16.8,69,3.5,66.03174940861048,0.94966328289208,104.0,185.0,475.0
JC-4300,Jared,Cook,Jared Cook,TE,6.2,68,120.3,-51.866618895176366,-0.7579140188284584,232.0,187.0,89.0
ZJ-0100,Zay,Jones,Zay Jones,WR,3.2,68,18.700000000000006,50.12352941176471,0.7282905982905983,273.0,187.0,358.0
MV-0012,Marquez,Valdes-Scantling,Marquez Valdes-Scantling,WR,7.1,68,55.0,13.416666666666654,0.1961023142509134,218.0,187.0,215.0
AH-3650,Austin,Hooper,Austin Hooper,TE,11.1,67,105.6,-38.160000000000025,-0.5658362989323849,165.0,190.0,107.0
RC-1500,Randall,Cobb,Randall Cobb,WR,16.4,67,83.5,-16.19544811126667,-0.240629313423566,107.0,190.0,145.0
KJ-0537,KeeSean,Johnson,KeeSean Johnson,WR,9.7,67,15.3,52.6,0.7746686303387335,186.0,190.0,375.0
GO-0100,Greg,Olsen,Greg Olsen,TE,14.6,67,57.1,10.05737027568764,0.14975825042584515,125.0,190.0,208.0
DM-2775,Donte,Moncrief,Donte Moncrief,WR,0.7,67,1.1,65.92926829268292,0.9835892584236956,345.0,190.0,526.0
DB-2950,Devontae,Booker,Devontae Booker,RB,0.0,67,6.6,60.87,0.9021787461093821,370.0,190.0,438.0
DP-1263,Dante,Pettis,Dante Pettis,WR,1.34,66,22.2,44.33333333333334,0.6663326653306614,320.0,196.0,343.0
VM-0250,Vance,McDonald,Vance McDonald,TE,19.8,66,25.700000000000006,41.017486911427774,0.6147936442192646,85.0,196.0,325.0
IS-0250,Ito,Smith,Ito Smith,RB,8.5,66,16.8,49.20000000000002,0.7454545454545456,201.0,196.0,366.0
TG-0025,Taylor,Gabriel,Taylor Gabriel,WR,4.9,66,56.4,10.207925936278693,0.15325392275454175,242.0,196.0,210.0
DS-3300,Darren,Sproles,Darren Sproles,RB,8.8,66,2.2,64.23145566646966,0.9668831583181696,197.0,196.0,494.0
KR-1200,Kyle,Rudolph,Kyle Rudolph,TE,0.9,66,73.8,-7.29819809415075,-0.10974436609226414,340.0,196.0,173.0
CB-1130,Cole,Beasley,Cole Beasley,WR,12.3,65,105.5,-39.530041989715464,-0.5992127808168809,154.0,202.0,108.0
RF-1075,Robert,Foster,Robert Foster,WR,0.0,63,9.3,54.11666666666667,0.8533508541392905,370.0,203.0,416.0
KC-1550,Keelan,Cole,Keelan Cole,WR,0.0,63,54.7,8.785294117647041,0.1383831364373405,370.0,203.0,217.0
RP-0550,Rashaad,Penny,Rashaad Penny,RB,14.3,63,54.99999999999999,8.083333333333343,0.1281373844121534,129.0,203.0,216.0
JA-0275,Josh,Adams,Josh Adams,RB,0.0,62,1.2,61.21666666666666,0.9807743658210948,370.0,206.0,521.0
CH-2950,Chris,Herndon,Chris Herndon,TE,0.0,61,0.7,61.13333333333334,0.9886792452830188,370.0,207.0,544.0
CC-2350,Corey,Clement,Corey Clement,RB,-2.0,61,-2.0,63.54411764705882,1.0324970131421745,614.0,207.0,612.0
DJ-0887,D'Ernest,Johnson,D'Ernest Johnson,RB,8.6,60,0.6,59.6,0.990033222591362,199.0,209.0,546.0
CC-3950,Chris,Conley,Chris Conley,WR,23.0,60,92.5,-32.074470724889466,-0.5308099260307355,68.0,209.0,133.0
AM-2850,Alfred,Morris,Alfred Morris,RB,0.0,60,0.4,60.01015498782896,0.9933785966932118,370.0,209.0,557.0
WS-0925,Willie,Snead,Willie Snead,WR,10.6,59,55.5,4.239587595031871,0.07096780821072238,174.0,212.0,212.0
CU-0150,C.J.,Uzomah,C.J. Uzomah,TE,6.6,59,29.6,29.605062375367023,0.5000427528927757,228.0,212.0,304.0
TG-0900,Ted,Ginn,Ted Ginn,WR,10.1,58,45.8,12.499685589573845,0.21440399657677148,182.0,214.0,247.0
TB-1060,Travis,Benjamin,Travis Benjamin,WR,1.2,58,1.8,56.634700586454116,0.9691963853337984,327.0,214.0,502.0
JW-6000,Jason,Witten,Jason Witten,TE,16.0,58,60.9,-2.7871671562128952,-0.04796130251824187,112.0,214.0,196.0
OAK,Oakland,Raiders,Oakland Raiders,DF,7.0,57,59.0,-1.62951887313217,-0.02840343746688628,220.0,217.0,199.0
CS-0050,Curtis,Samuel,Curtis Samuel,WR,12.5,57,105.2,-47.75882352941177,-0.8314388120839735,151.0,217.0,110.0
DW-0500,Delanie,Walker,Delanie Walker,TE,21.4,56,12.1,44.84575037023528,0.7875170680633529,77.0,219.0,397.0
PC-0050,Parris,Campbell,Parris Campbell,WR,8.0,56,12.1,43.9,0.7839285714285714,204.0,219.0,397.0
NM-0687,Nick,Mullens,Nick Mullens,QB,0.0,56,-0.3,56.98235294117647,1.0052926525529264,370.0,219.0,606.0
PD-0800,Phillip,Dorsett,Phillip Dorsett,WR,27.4,56,46.40000000000001,9.742775245373243,0.1735356900828687,51.0,219.0,245.0
CH-3350,Chris,Hogan,Chris Hogan,WR,1.2,56,5.5,50.80829219664589,0.9023234449947032,327.0,219.0,453.0
JS-0280,Jaylen,Samuels,Jaylen Samuels,RB,3.7,55,53.7,2.29999999999999,0.041071428571428405,262.0,224.0,221.0
CT-1220,Chris,Thompson,Chris Thompson,RB,12.9,55,38.7,16.937125157764548,0.3044212854229557,147.0,224.0,269.0
HH-0225,Hunter,Henry,Hunter Henry,TE,6.0,54,89.2,-34.690000000000005,-0.636396991377729,234.0,226.0,138.0
ZZ-0100,Zach,Zenner,Zach Zenner,RB,0.0,54,1.7,52.324301234668376,0.968532679532205,370.0,226.0,506.0
MB-3325,Miles,Boykin,Miles Boykin,WR,7.6,53,30.2,23.0,0.4323308270676691,209.0,228.0,301.0
AM-0825,Alexander,Mattison,Alexander Mattison,RB,7.4,51,51.0,0.8000000000000043,0.015444015444015524,213.0,229.0,230.0
WS-0650,Wendell,Smallwood,Wendell Smallwood,RB,1.3,51,13.2,38.72999999999999,0.7458116695551703,321.0,229.0,388.0
BP-0450,Breshad,Perriman,Breshad Perriman,WR,1.0,51,101.1,-49.78041376931512,-0.9700080890276264,334.0,229.0,117.0
CB-2775,Cameron,Brate,Cameron Brate,TE,1.8,51,53.3,-2.007372930596638,-0.03913570127497056,312.0,229.0,223.0
JM-2900,Josh,McCown,Josh McCown,QB,0.96,51,-0.2,51.48607869530154,1.0038996937392743,339.0,229.0,604.0
DA-0900,Danny,Amendola,Danny Amendola,WR,18.4,51,62.16,-11.154347046396444,-0.2186884472696156,89.0,229.0,193.0
DI-0075,Dontrelle,Inman,Dontrelle Inman,WR,3.3,51,14.8,36.91788092420186,0.7138320492734226,269.0,229.0,379.0
TM-3150,Ty,Montgomery,Ty Montgomery,RB,4.4,50,14.9,35.406953103549064,0.7038182779757967,245.0,236.0,378.0
JR-3280,John,Ross,John Ross,WR,49.0,49,22.0,27.45588235294117,0.5551590841510556,7.0,237.0,344.0
DG-1287,Dallas,Goedert,Dallas Goedert,TE,1.6,49,85.1,-35.93333333333333,-0.7308474576271186,314.0,237.0,140.0
CC-2100,Charles,Clay,Charles Clay,TE,1.1,49,28.6,20.53537465630653,0.4179346305985847,331.0,237.0,307.0
WG-0050,Wayne,Gallman,Wayne Gallman,RB,10.1,49,27.1,22.091176470588227,0.4490881913303437,182.0,237.0,316.0
CP-0750,Cordarrelle,Patterson,Cordarrelle Patterson,WR,5.1,48,19.5,28.55105158343536,0.5941816181454345,239.0,241.0,356.0
JJ-0575,Justin,Jackson,Justin Jackson,RB,12.5,48,9.7,39.13333333333335,0.8013651877133107,151.0,241.0,409.0
GC-0350,Garrett,Celek,Garrett Celek,TE,0.0,47,0.0,47.12887232309552,1.0,370.0,243.0,570.0
BF-0950,Bennie,Fowler,Bennie Fowler,WR,11.1,46,12.2,34.71325656020705,0.7399455741397339,165.0,244.0,396.0
SR-0750,Seth,Roberts,Seth Roberts,WR,1.0,46,38.1,8.243111659789847,0.17787134623810946,334.0,244.0,273.0
TE-0300,Tyler,Eifert,Tyler Eifert,TE,9.6,46,53.99999999999999,-7.208710401255062,-0.15406094730606482,188.0,244.0,220.0
RB-4670,Rex,Burkhead,Rex Burkhead,RB,15.3,46,58.8,-12.667874470715738,-0.2745998439346629,120.0,244.0,201.0
PR-0150,Paul,Richardson,Paul Richardson,WR,11.2,45,25.3,20.188795439677342,0.44381908213968185,162.0,248.0,327.0
JM-1550,Jordan,Matthews,Jordan Matthews,WR,0.0,45,3.3000000000000003,42.197623539157696,0.9274687391714022,370.0,248.0,479.0
MS-0125,Miles,Sanders,Miles Sanders,RB,6.4,44,164.29999999999995,-119.49999999999996,-2.667410714285713,230.0,250.0,42.0
KB-1625,Kendrick,Bourne,Kendrick Bourne,WR,1.3,43,66.50000000000001,-22.514705882352942,-0.5118689401537946,321.0,251.0,187.0
DF-1875,Devonta,Freeman,Devonta Freeman,RB,7.5,43,131.10000000000002,-87.38305746339502,-1.9988373475621624,210.0,251.0,71.0
JW-3325,Jordan,Wilkins,Jordan Wilkins,RB,8.6,43,38.4,5.516666666666674,0.12561669829222025,199.0,251.0,272.0
TB-2650,Teddy,Bridgewater,Teddy Bridgewater,QB,7.1,42,83.36000000000001,-41.04191479845706,-0.9698433802709164,218.0,254.0,146.0
BH-1900,Brian,Hoyer,Brian Hoyer,QB,0.0,41,21.08,20.668928725595766,0.4950768644016462,370.0,255.0,350.0
GE-0400,Gerald,Everett,Gerald Everett,TE,2.8,41,49.99999999999999,-8.485294117647049,-0.20439249025859,284.0,255.0,231.0
MG-1150,Melvin,Gordon,Melvin Gordon,RB,0.0,41,138.8,-97.28339686615251,-2.3432407644844067,370.0,255.0,61.0
BW-0700,Benjamin,Watson,Benjamin Watson,TE,0.0,41,17.299999999999994,23.93791550430351,0.5804831600133958,370.0,255.0,363.0
DW-1350,DeAndre,Washington,DeAndre Washington,RB,4.3,40,81.60000000000002,-41.42999999999999,-1.0313666915608657,247.0,259.0,149.0
JW-6560,Jarius,Wright,Jarius Wright,WR,2.9,40,26.0,14.833333333333332,0.36326530612244895,281.0,259.0,322.0
RH-1950,Rashard,Higgins,Rashard Higgins,WR,4.6,40,6.9,33.63,0.8297557364914878,244.0,259.0,436.0
JW-4975,Jeff,Wilson,Jeff Wilson,RB,15.4,39,28.5,11.333333333333336,0.2845188284518829,118.0,262.0,308.0
DC-1418,D.J.,Chark,D.J. Chark,WR,32.1,39,120.7,-81.11666666666667,-2.0492631578947367,34.0,262.0,88.0
CR-1525,Chester,Rogers,Chester Rogers,WR,2.4,39,27.3,12.000000000000005,0.3053435114503817,292.0,262.0,315.0
SP-0825,Samaje,Perine,Samaje Perine,RB,0.0,39,1.6,38.19411764705882,0.9597930524759792,370.0,262.0,509.0
DP-0350,DeVante,Parker,DeVante Parker,WR,7.5,39,168.7,-128.70094695016087,-3.217599846421328,210.0,262.0,39.0
NF-0175,Noah,Fant,Noah Fant,TE,5.699999999999998,39,67.3,-27.40000000000001,-0.6867167919799502,236.0,262.0,184.0
WD-0550,Will,Dissly,Will Dissly,TE,18.2,38,32.7,5.466666666666669,0.14323144104803498,90.0,268.0,291.0
JR-1950,Josh,Reynolds,Josh Reynolds,WR,0.0,38,40.90000000000001,-2.3411764705882376,-0.06071700991609464,370.0,268.0,264.0
JT-1775,Jordan,Thomas,Jordan Thomas,TE,0.0,37,0.8,37.11666666666667,0.9789010989010991,370.0,270.0,540.0
IT-0150,Ian,Thomas,Ian Thomas,TE,0.0,37,19.6,18.150000000000006,0.480794701986755,370.0,270.0,354.0
TT-0150,Taywan,Taylor,Taywan Taylor,WR,0.0,37,0.0,37.941176470588225,1.0,370.0,270.0,570.0
JJ-0725,Jesse,James,Jesse James,TE,3.3,37,10.9,26.90000000000001,0.7116402116402117,269.0,270.0,403.0
CE-0175,Chase,Edmonds,Chase Edmonds,RB,2.2,37,68.60000000000001,-30.85000000000001,-0.8172185430463579,298.0,270.0,180.0
JH-1350,Justin,Hardy,Justin Hardy,WR,4.1,35,15.4,20.30092011053704,0.5686385686330049,256.0,275.0,374.0
TP-1650,Tony,Pollard,Tony Pollard,RB,4.9,34,71.3,-36.99999999999999,-1.0787172011661803,242.0,276.0,176.0
RS-0687,Ricky,Seals-Jones,Ricky Seals-Jones,TE,0.0,34,44.89999999999999,-10.311764705882348,-0.2981292517006801,370.0,276.0,253.0
ML-1500,Marcedes,Lewis,Marcedes Lewis,TE,1.4,33,20.2,13.535075857858914,0.4012167014204531,317.0,278.0,353.0
JS-4550,Jonnu,Smith,Jonnu Smith,TE,1.7,33,70.0,-36.8235294117647,-1.1099290780141842,313.0,278.0,178.0
TS-1262,Tajae,Sharpe,Tajae Sharpe,WR,2.4,33,54.5,-20.93,-0.6234733392910337,292.0,278.0,218.0
LK-0200,Lance,Kendricks,Lance Kendricks,TE,0.0,33,5.0,28.778243326615573,0.8519757243840964,370.0,278.0,456.0
DM-3050,David,Moore,David Moore,WR,0.0,33,44.6,-11.51176470588235,-0.3479111111111109,370.0,278.0,255.0
DR-2225,Demarcus,Robinson,Demarcus Robinson,WR,31.2,32,39.7,-7.539999999999999,-0.2344527363184079,37.0,283.0,268.0
BB-2425,Blake,Bortles,Blake Bortles,QB,0.0,32,-0.78,33.62329718816151,1.0237491380823105,370.0,283.0,608.0
GA-0250,Geronimo,Allison,Geronimo Allison,WR,6.5,31,34.90000000000001,-3.0100000000000087,-0.09438695515835713,229.0,285.0,282.0
DH-1050,DaeSean,Hamilton,DaeSean Hamilton,WR,2.0,31,33.7,-1.783333333333335,-0.055874673629242866,303.0,285.0,287.0
JB-6750,Jaron,Brown,Jaron Brown,WR,0.0,31,32.0,-0.24285714285715446,-0.007647323436797487,370.0,285.0,292.0
HR-0062,Hunter,Renfrow,Hunter Renfrow,WR,4.3,30,84.2,-54.10000000000001,-1.7973421926910302,247.0,288.0,143.0
JG-2450,Josh,Gordon,Josh Gordon,WR,15.2,30,31.5,-1.4935279461470716,-0.04977352697333502,121.0,288.0,296.0
TH-1550,Tyler,Higbee,Tyler Higbee,TE,10.1,30,81.30000000000003,-50.91000000000001,-1.6752221125370192,182.0,288.0,150.0
JW-0934,James,Washington,James Washington,WR,7.399999999999999,29,84.1,-54.85,-1.8752136752136752,215.0,291.0,144.0
DJ-1675,Diontae,Johnson,Diontae Johnson,WR,4.2,29,103.9,-74.5,-2.5340136054421767,250.0,291.0,114.0
KB-0150,Kalen,Ballage,Kalen Ballage,RB,2.4,29,35.4,-6.149999999999995,-0.21025641025641006,292.0,291.0,279.0
KC-2375,Keke,Coutee,Keke Coutee,WR,0.7,29,30.1,-0.5999999999999979,-0.020338983050847383,345.0,291.0,302.0
TJ-2275,Ty,Johnson,Ty Johnson,RB,4.2,29,32.0,-2.599999999999998,-0.08843537414965978,250.0,291.0,292.0
JD-2550,Jack,Doyle,Jack Doyle,TE,4.1,29,64.69999999999999,-35.470088536400304,-1.213486006639862,256.0,291.0,191.0
JH-4085,Justice,Hill,Justice Hill,RB,4.1,28,37.4,-8.700000000000003,-0.3031358885017423,256.0,297.0,274.0
RJ-0450,Richie,James,Richie James,WR,10.6,28,11.8,16.2,0.5785714285714285,174.0,297.0,400.0
HH-0350,Hayden,Hurst,Hayden Hurst,TE,10.2,27,38.7,-11.61666666666667,-0.4289230769230771,180.0,299.0,269.0
LW-1450,Luke,Willson,Luke Willson,TE,0.0,27,7.9,19.185714285714287,0.7083333333333334,370.0,299.0,428.0
JG-2950,Jakeem,Grant,Jakeem Grant,WR,-0.4999999999999993,27,27.4,0.32000000000000384,0.01154401154401168,610.0,299.0,313.0
JO-0150,James,O'Shaughnessy,James O'Shaughnessy,TE,6.0,26,21.3,5.476236525770509,0.2045185297231731,234.0,302.0,346.0
RG-1870,Ryan,Griffin,Ryan Griffin,TE,1.0,26,62.99999999999999,-36.879794479650826,-1.411925892042439,334.0,302.0,192.0
TC-0325,Trenton,Cannon,Trenton Cannon,RB,0.0,26,0.0,26.416666666666664,1.0,370.0,302.0,570.0
BJ-0950,Blake,Jarwin,Blake Jarwin,TE,12.1,26,44.4,-17.576470588235292,-0.6552631578947368,155.0,302.0,256.0
DW-3987,Damion,Willis,Damion Willis,WR,3.6,25,4.6,20.6,0.8174603174603176,264.0,306.0,463.0
JD-2850,Jeff,Driskel,Jeff Driskel,QB,0.0,25,58.1,-32.56399999999999,-1.2752192982456136,370.0,306.0,202.0
TS-3656,Tommy,Sweeney,Tommy Sweeney,TE,3.5,24,7.899999999999999,16.6,0.6775510204081633,266.0,308.0,430.0
KJ-1400,Kyle,Juszczyk,Kyle Juszczyk,RB,1.1,24,29.5,-4.8622047536226765,-0.1973473967536768,331.0,308.0,305.0
CM-2675,Chris,Moore,Chris Moore,WR,0.0,24,2.1,22.41,0.9143206854345164,370.0,308.0,495.0
BB-2250,Brandon,Bolden,Brandon Bolden,RB,0.7,24,41.2,-16.501668670253395,-0.6681288889496282,345.0,308.0,263.0
SD-0534,Seth,DeValve,Seth DeValve,TE,0.0,24,14.0,10.479999999999997,0.4281045751633986,370.0,308.0,384.0
LT-0550,Levine,Toilolo,Levine Toilolo,TE,0.0,22,1.0,21.085714285714282,0.9547218628719276,370.0,313.0,532.0
TS-1425,Trent,Sherfield,Trent Sherfield,WR,0.0,22,8.0,14.5,0.6444444444444445,370.0,313.0,427.0
TQ-0100,Trey,Quinn,Trey Quinn,WR,12.9,22,12.6,9.4,0.4272727272727272,147.0,313.0,393.0
JA-0462,Jordan,Akins,Jordan Akins,TE,4.2,22,51.6,-29.35,-1.3191011235955057,250.0,313.0,228.0
PP-0350,Paul,Perkins,Paul Perkins,RB,0.0,22,3.8,18.82,0.8320070733863837,370.0,313.0,473.0
KA-0737,Kyle,Allen,Kyle Allen,QB,0.0,22,183.48,-160.53000000000003,-6.994771241830068,370.0,313.0,35.0
MB-3862,Malcolm,Brown,Malcolm Brown,RB,22.0,21,35.099999999999994,-13.824242424242414,-0.6497649907420592,75.0,319.0,281.0
KH-0525,Kelvin,Harmon,Kelvin Harmon,WR,3.1,21,33.84,-12.139999999999995,-0.5594470046082948,275.0,319.0,285.0
MM-4700,Matt,Moore,Matt Moore,QB,-0.1,21,45.36,-23.6911481988824,-1.0933273445370328,603.0,319.0,249.0
JH-4070,Josh,Hill,Josh Hill,TE,-0.2,20,40.8,-20.701784025137165,-1.0300309266767371,607.0,322.0,265.0
DF-0550,Darren,Fells,Darren Fells,TE,0.9,20,75.2,-54.52447439599467,-2.637150582785282,340.0,322.0,170.0
AS-0775,Adam,Shaheen,Adam Shaheen,TE,3.0,20,6.4,14.114705882352943,0.6880286738351254,278.0,322.0,441.0
JM-3475,J.D.,McKissic,J.D. McKissic,WR,2.6,20,47.19999999999999,-26.64999999999999,-1.2968369829683692,289.0,322.0,243.0
NV-0050,Nick,Vannett,Nick Vannett,TE,2.9000000000000004,20,13.7,7.120000000000001,0.3419788664745437,280.0,322.0,386.0
RJ-2250,Ronald,Jones,Ronald Jones,RB,10.2,19,125.1,-105.18333333333334,-5.281171548117156,180.0,327.0,82.0
IM-0125,Isaiah,McKenzie,Isaiah McKenzie,WR,10.4,19,25.9,-6.400000000000002,-0.3282051282051284,176.0,327.0,324.0
RS-3525,Ryan,Switzer,Ryan Switzer,WR,2.9,19,-0.2,20.008823529411767,1.0100965107646622,281.0,327.0,604.0
MG-0325,Mike,Gesicki,Mike Gesicki,TE,4.2,18,80.80000000000003,-62.13333333333334,-3.3285714285714283,250.0,330.0,155.0
DT-0850,De'Anthony,Thomas,De'Anthony Thomas,WR,0.6,18,0.4,18.354194849600784,0.9786714384057648,354.0,330.0,557.0
CP-2550,C.J.,Prosise,C.J. Prosise,RB,2.0,18,16.799999999999994,1.470000000000006,0.08045977011494285,303.0,330.0,367.0
RS-0975,Russell,Shepard,Russell Shepard,WR,1.9,18,0.6,17.75415069073901,0.9673098466875536,308.0,330.0,546.0
RE-0400,Rhett,Ellison,Rhett Ellison,TE,1.6,18,21.1,-2.6912280701754376,-0.14619269989516814,314.0,330.0,348.0
NB-0450,Nick,Boyle,Nick Boyle,TE,4.0,17,40.1,-22.47061828869681,-1.274611818875624,259.0,335.0,266.0
DW-1550,Dwayne,Washington,Dwayne Washington,RB,0.0,17,6.6,11.370000000000005,0.632721202003339,370.0,335.0,438.0
LT-0862,Laquon,Treadwell,Laquon Treadwell,WR,0.0,17,26.4,-9.089999999999996,-0.525129982668977,370.0,335.0,318.0
MA-1287,Marcell,Ateman,Marcell Ateman,WR,0.0,17,9.6,8.233333333333333,0.4616822429906542,370.0,335.0,410.0
DR-0550,Damion,Ratley,Damion Ratley,WR,6.7,17,21.3,-3.716666666666669,-0.21137440758293846,226.0,335.0,346.0
ZP-0050,Zach,Pascal,Zach Pascal,WR,0.0,17,94.30000000000004,-76.74117647058826,-4.370519262981576,370.0,335.0,131.0
TH-1625,Taysom,Hill,Taysom Hill,QB,9.3,17,75.9,-58.31470588235295,-3.316106372303061,190.0,335.0,166.0
JH-3625,Jeff,Heuerman,Jeff Heuerman,TE,2.1,17,15.3,2.6242424242424316,0.1464074387151314,301.0,335.0,375.0
DS-0050,Drew,Sample,Drew Sample,TE,2.5,17,0.5,17.0,0.9714285714285714,290.0,335.0,552.0
JB-2950,Josh,Bellamy,Josh Bellamy,WR,2.0,17,0.0,17.532966592593898,1.0,303.0,335.0,570.0
TP-0675,Tim,Patrick,Tim Patrick,WR,0.0,16,21.8,-5.388235294117647,-0.3283154121863799,370.0,345.0,345.0
BS-2950,Benny,Snell Jr.,Benny Snell Jr.,RB,2.3,16,52.60000000000001,-36.500000000000014,-2.2670807453416155,297.0,345.0,226.0
DT-0900,Demaryius,Thomas,Demaryius Thomas,WR,-0.1,16,49.40000000000001,-33.22192897423941,-2.0535160787302527,603.0,345.0,233.0
MH-3050,Mack,Hollins,Mack Hollins,WR,5.0,15,7.5,8.205882352941174,0.5224719101123595,240.0,348.0,431.0
JM-4162,Jakobi,Meyers,Jakobi Meyers,WR,2.2,15,33.7,-18.3,-1.1883116883116882,298.0,348.0,287.0
NO-0150,Nick,O'Leary,Nick O'Leary,TE,0.6,15,16.299999999999994,-0.6146482620919471,-0.03918613189951471,354.0,348.0,370.0
CC-4450,Cody,Core,Cody Core,WR,2.8,14,0.0,14.04,1.0,284.0,351.0,570.0
AE-1037,Alex,Erickson,Alex Erickson,WR,2.2,14,51.04,-36.1,-2.4163319946452484,298.0,351.0,229.0
VG-0300,Virgil,Green,Virgil Green,TE,1.3,14,12.500000000000002,1.7421407786886327,0.12232295732503234,321.0,351.0,395.0
FM-0675,Foster,Moreau,Foster Moreau,TE,2.0,14,45.4,-31.4,-2.242857142857143,303.0,351.0,248.0
MW-2450,Maxx,Williams,Maxx Williams,TE,3.6,14,22.6,-8.120205364461167,-0.5607956168474342,264.0,351.0,338.0
JH-5125,Johnny,Holton,Johnny Holton,WR,0.0,13,3.0,10.649999999999997,0.7802197802197802,370.0,356.0,482.0
CW-2450,Chad,Williams,Chad Williams,WR,0.0,13,0.0,13.411764705882351,1.0,370.0,356.0,570.0
SS-1537,Steven,Sims Jr.,Steven Sims Jr.,WR,1.9,13,75.6,-62.3,-4.684210526315789,308.0,356.0,167.0
DH-1450,Demetrius,Harris,Demetrius Harris,TE,0.4,13,34.5,-21.228571428571435,-1.5995694294940812,359.0,356.0,284.0
DK-0950,Dawson,Knox,Dawson Knox,TE,1.9,13,49.8,-36.5,-2.7443609022556394,308.0,356.0,232.0
DH-3137,Dontrell,Hilliard,Dontrell Hilliard,RB,7.8000000000000025,13,18.3,-4.716666666666663,-0.3472392638036807,207.0,356.0,360.0
AJ-0375,Andy,Janovich,Andy Janovich,RB,0.0,12,10.3,2.3299999999999965,0.18448139350752155,370.0,362.0,406.0
AF-0550,Anthony,Firkser,Anthony Firkser,TE,0.0,12,26.4,-13.826470588235292,-1.099649122807017,370.0,362.0,318.0
VS-0175,Vyncint,Smith,Vyncint Smith,WR,0.0,12,26.1,-13.516666666666662,-1.0741721854304631,370.0,362.0,321.0
CW-0225,Clive,Walford,Clive Walford,TE,0.0,12,5.7,6.306278262192267,0.5252483845931438,370.0,362.0,449.0
MH-0225,Marvin,Hall,Marvin Hall,WR,0.0,11,34.800000000000004,-23.730000000000004,-2.1436314363143634,370.0,366.0,283.0
DB-5912,Deontay,Burnett,Deontay Burnett,WR,0.0,11,4.8,7.116666666666667,0.5972027972027972,370.0,366.0,462.0
MA-0487,Mo,Alie-Cox,Mo Alie-Cox,TE,0.3,11,9.0,2.2941176470588225,0.20312499999999992,363.0,366.0,421.0
BP-1200,Bilal,Powell,Bilal Powell,RB,0.0,11,26.200000000000006,-14.36515726234195,-1.2138021248590425,370.0,366.0,320.0
MB-0450,Matt,Barkley,Matt Barkley,QB,0.0,11,5.959999999999999,5.656367843744416,0.4869308479061683,370.0,366.0,447.0
DW-3243,Darrel,Williams,Darrel Williams,RB,0.0,10,52.8,-41.88333333333335,-3.8366412213740464,370.0,371.0,225.0
DW-0675,Darren,Waller,Darren Waller,TE,13.3,10,117.8,-107.52727272727272,-10.467256637168141,139.0,371.0,91.0
EP-0350,Elijhaa,Penny,Elijhaa Penny,RB,0.3,10,4.499999999999999,6.3,0.5833333333333334,363.0,371.0,466.0
CB-1152,Chad,Beebe,Chad Beebe,WR,7.0,9,0.0,9.083333333333334,1.0,220.0,374.0,570.0
DB-6375,Damiere,Byrd,Damiere Byrd,WR,8.7,9,31.200000000000006,-21.92727272727273,-2.364705882352941,198.0,374.0,298.0
DS-0850,Dalton,Schultz,Dalton Schultz,TE,0.0,9,0.6,9.066666666666666,0.9379310344827586,370.0,374.0,546.0
MR-2350,Mason,Rudolph,Mason Rudolph,QB,11.18,9,100.72,-91.40333333333336,-9.81073345259392,164.0,374.0,119.0
BH-1225,Brian,Hill,Brian Hill,RB,0.0,9,57.20000000000001,-47.53823529411766,-4.920243531202437,370.0,374.0,207.0
AC-0387,Austin,Carr,Austin Carr,WR,0.0,9,0.9,8.673529411764704,0.9059907834101382,370.0,374.0,534.0
GS-1400,Geoff,Swaim,Geoff Swaim,TE,3.1,9,3.4,6.304545454545455,0.6496487119437939,275.0,374.0,477.0
DA-1650,Dan,Arnold,Dan Arnold,TE,0.0,9,24.7,-15.435294117647054,-1.6660317460317458,370.0,374.0,330.0
LS-1900,Luke,Stocker,Luke Stocker,TE,0.4,9,4.9,4.587692307692303,0.4835414301929623,359.0,374.0,459.0
ML-0050,Matt,LaCosse,Matt LaCosse,TE,3.3,8,15.8,-7.504545454545456,-0.9046575342465756,269.0,383.0,372.0
JS-5475,Jeremy,Sprinkle,Jeremy Sprinkle,TE,1.9,8,28.2,-19.685294117647057,-2.3119170984455963,308.0,383.0,310.0
MW-0650,Mark,Walton,Mark Walton,RB,2.8000000000000003,8,24.200000000000006,-15.616666666666667,-1.8194174757281556,283.0,383.0,334.0
RT-1250,Robert,Tonyan Jr.,Robert Tonyan Jr.,TE,2.8,8,13.2,-5.0382352941176505,-0.6172972972972978,284.0,383.0,388.0
RG-1650,Ryan,Grant,Ryan Grant,WR,1.4,8,0.0,8.511648025465195,1.0,317.0,383.0,570.0
AS-0900,Anthony,Sherman,Anthony Sherman,RB,1.5,8,1.6,6.8957458049944735,0.8116704481601377,316.0,383.0,509.0
AA-0557,Alex,Armah,Alex Armah,RB,6.1,8,1.6,7.2676470588235285,0.8195688225538972,233.0,383.0,509.0
PR-0125,Patrick,Ricard,Patrick Ricard,RB,6.4,8,4.3,4.3470588235294105,0.5027210884353741,230.0,383.0,467.0
DB-4387,Daniel,Brown,Daniel Brown,TE,0.0,8,13.2,-4.631818181818182,-0.5405835543766577,370.0,383.0,388.0
JK-0775,John,Kelly,John Kelly,RB,0.0,8,0.9,7.5166666666666675,0.8930693069306931,370.0,383.0,534.0
BB-1550,Blake,Bell,Blake Bell,TE,0.7,8,5.999999999999999,2.7272727272727293,0.31250000000000017,345.0,383.0,446.0
JM-4175,Jaydon,Mickens,Jaydon Mickens,WR,0.0,7,0.0,7.11,1.0,370.0,394.0,570.0
CH-0525,C.J.,Ham,C.J. Ham,RB,0.0,7,20.6,-13.579999999999995,-1.934472934472933,370.0,394.0,352.0
XG-0100,Xavier,Grimble,Xavier Grimble,TE,0.0,7,0.3,6.94390243902439,0.9585858585858588,370.0,394.0,565.0
DS-3031,Devin,Smith,Devin Smith,WR,15.4,7,3.9,3.577272727272728,0.478419452887538,118.0,394.0,472.0
ZL-0200,Zach,Line,Zach Line,RB,0.0,7,5.6000000000000005,1.6266011004537226,0.22508522026372765,370.0,394.0,451.0
JO-0550,Jamize,Olawale,Jamize Olawale,RB,0.0,7,0.0,7.227283737625233,1.0,370.0,394.0,570.0
DC-0775,Derek,Carrier,Derek Carrier,TE,3.3,7,16.2,-8.362444642958291,-1.0669710467110116,269.0,394.0,371.0
MJ-1450,Marcus,Johnson,Marcus Johnson,WR,0.0,6,41.70000000000001,-35.55000000000001,-5.780487804878051,370.0,401.0,262.0
MP-2350,MyCole,Pruitt,MyCole Pruitt,TE,0.0,6,15.0,-9.0,-1.5,370.0,401.0,377.0
RG-0025,Russell,Gage,Russell Gage,WR,1.2,6,48.6,-42.35,-6.775999999999998,327.0,401.0,237.0
BK-1050,Ben,Koyack,Ben Koyack,TE,0.0,6,0.9,5.4409090909090905,0.8580645161290322,370.0,401.0,534.0
PD-0700,Patrick,DiMarco,Patrick DiMarco,RB,1.3,6,3.5,3.209230769230767,0.4783306581059388,321.0,401.0,475.0
KB-0350,Kenjon,Barner,Kenjon Barner,RB,0.0,6,9.12,-2.5147219418661173,-0.38071401684134,370.0,401.0,417.0
BW-2475,Bobo,Wilson,Bobo Wilson,WR,0.0,6,1.5,4.588235294117646,0.753623188405797,370.0,401.0,513.0
PC-0625,Pharoh,Cooper,Pharoh Cooper,WR,0.0,6,30.5,-24.02,-3.7067901234567904,370.0,401.0,300.0
MT-2350,Malik,Turner,Malik Turner,WR,5.4,6,25.100000000000005,-18.933333333333334,-3.0702702702702713,238.0,401.0,329.0
LF-0025,Luke,Falk,Luke Falk,QB,7.92,6,0.7199999999999998,5.88,0.890909090909091,206.0,401.0,543.0
DJ-0850,Darius,Jennings,Darius Jennings,WR,1.1,6,0.6,6.204545454545456,0.9118236472945892,331.0,401.0,546.0
AH-3900,Allen,Hurns,Allen Hurns,WR,3.5,6,48.1,-41.615046430029786,-6.417169526507647,266.0,401.0,241.0
TC-2375,Tyler,Conklin,Tyler Conklin,TE,0.0,6,5.8,0.6166666666666663,0.09610389610389604,370.0,401.0,448.0
DS-3137,Durham,Smythe,Durham Smythe,TE,2.4,6,4.1,2.0666666666666678,0.3351351351351352,292.0,401.0,471.0
TJ-2400,Taiwan,Jones,Taiwan Jones,RB,0.0,5,4.9,0.5461538461538469,0.10028248587570633,370.0,415.0,459.0
TE-0025,Trey,Edmunds,Trey Edmunds,RB,0.0,5,14.0,-8.352941176470589,-1.479166666666667,370.0,415.0,384.0
JP-2075,Josh,Perkins,Josh Perkins,TE,0.0,5,14.7,-9.63,-1.8994082840236683,370.0,415.0,380.0
CD-0300,Chase,Daniel,Chase Daniel,QB,0.0,5,26.0,-20.531940313332317,-3.7548859174660527,370.0,415.0,322.0
LT-0275,Logan,Thomas,Logan Thomas,TE,0.7,5,22.6,-17.12317073170732,-3.1264751725673574,345.0,415.0,338.0
JF-1250,Josh,Ferguson,Josh Ferguson,RB,0.0,5,0.9,4.41,0.8305084745762711,370.0,415.0,534.0
TD-0737,Trevor,Davis,Trevor Davis,WR,2.8,5,19.6,-14.35,-2.7333333333333334,284.0,415.0,354.0
ET-0375,Eric,Tomlinson,Eric Tomlinson,TE,0.0,5,0.1,5.65,0.982608695652174,370.0,415.0,567.0
DF-1375,D.J.,Foster,D.J. Foster,RB,0.0,5,0.0,5.339999999999999,1.0,370.0,415.0,570.0
DC-1050,DeAndre,Carter,DeAndre Carter,WR,-0.1,4,14.3,-9.70909090909091,-2.1148514851485154,603.0,424.0,382.0
JH-4850,Jacob,Hollister,Jacob Hollister,TE,0.0,4,52.89999999999999,-48.53235294117646,-11.11178451178451,370.0,424.0,224.0
MB-2950,Mike,Boone,Mike Boone,RB,0.0,4,47.0,-43.0,-10.749999999999998,370.0,424.0,244.0
JK-2250,Jake,Kumerow,Jake Kumerow,WR,1.2,4,26.7,-22.268181818181816,-5.024615384615385,327.0,424.0,317.0
RA-1337,Ryquell,Armstead,Ryquell Armstead,RB,0.7,4,36.5,-31.6,-6.4489795918367365,345.0,424.0,276.0
DW-1750,Derek,Watt,Derek Watt,RB,0.7,4,9.5,-4.5200000000000005,-0.9076305220883536,345.0,424.0,412.0
RN-1250,Roosevelt,Nix,Roosevelt Nix,RB,0.0,3,0.4,3.05731707317073,0.8843033509700177,370.0,430.0,557.0
MT-0887,Mike,Thomas,Mike Thomas,WR,0.0,3,1.4,1.9,0.5757575757575758,370.0,430.0,515.0
DG-3200,Derrius,Guice,Derrius Guice,RB,3.8,3,48.6,-45.43333333333334,-14.347368421052634,260.0,430.0,237.0
AA-0581,Antony,Auclair,Antony Auclair,TE,0.0,3,1.1,2.120588235294117,0.6584474885844748,370.0,430.0,526.0
JW-4625,Jonathan,Williams,Jonathan Williams,RB,0.0,3,35.4,-31.95,-9.260869565217392,370.0,430.0,279.0
TY-0150,T.J.,Yeldon,T.J. Yeldon,RB,0.0,3,16.7,-12.899114904592473,-3.3937134590514244,370.0,430.0,368.0
BB-2712,Ben,Braunecker,Ben Braunecker,TE,2.4,3,9.5,-6.289999999999999,-1.9595015576323984,292.0,430.0,412.0
AT-0247,Auden,Tate,Auden Tate,WR,0.6,3,60.90000000000001,-57.48333333333334,-16.824390243902446,354.0,430.0,195.0
JW-5475,Javon,Wims,Javon Wims,WR,0.0,2,24.6,-21.93333333333333,-8.225,370.0,438.0,332.0
JA-1975,J.J.,Arcega-Whiteside,J.J. Arcega-Whiteside,WR,0.4,2,22.5,-19.7,-7.035714285714284,359.0,438.0,341.0
DT-1231,Darwin,Thompson,Darwin Thompson,RB,0.4,2,22.7,-19.9,-7.107142857142856,359.0,438.0,337.0
SS-1525,Scott,Simonson,Scott Simonson,TE,0.0,2,1.1,1.7536585365853656,0.6145299145299145,370.0,438.0,526.0
ES-0250,Eric,Saubert,Eric Saubert,TE,0.0,2,2.1,0.01764705882352935,0.008333333333333305,370.0,438.0,495.0
MB-5175,Mike,Burton,Mike Burton,RB,0.0,2,0.0,2.8181818181818183,1.0,370.0,438.0,570.0
DC-0025,Deon,Cain,Deon Cain,WR,3.5,2,8.9,-5.983333333333333,-2.0514285714285716,266.0,438.0,423.0
JA-0450,Jay,Ajayi,Jay Ajayi,RB,0.0,2,3.0,-0.6117171124723648,-0.2561326029118845,370.0,438.0,482.0
CM-0175,Chris,Manhertz,Chris Manhertz,TE,0.0,2,1.1,1.8085365853658537,0.6218029350104821,370.0,438.0,526.0
RT-1550,Ross,Travis,Ross Travis,TE,0.0,2,3.1,-1.0318181818181822,-0.4989010989010991,370.0,438.0,480.0
TE-0350,Tyler,Ervin,Tyler Ervin,RB,0.0,1,2.1,-0.11999999999999965,-0.06060606060606043,370.0,448.0,495.0
NB-0200,Nick,Bellore,Nick Bellore,RB,0.0,1,8.3,-7.157692307692308,-6.265993265993267,370.0,448.0,425.0
TP-1950,Troymaine,Pope,Troymaine Pope,RB,0.0,1,7.4,-5.9300000000000015,-4.034013605442178,370.0,448.0,433.0
DT-1992,De'Lance,Turner,De'Lance Turner,RB,0.0,1,0.6,1.1499999999999997,0.6571428571428571,370.0,448.0,546.0
DO-0025,Dare,Ogunbowale,Dare Ogunbowale,RB,4.2,1,36.1,-34.24705882352941,-18.48253968253968,250.0,448.0,277.0
BZ-0100,Brandon,Zylstra,Brandon Zylstra,WR,0.0,1,10.6,-8.683333333333334,-4.530434782608697,370.0,448.0,404.0
TL-1037,T.J.,Logan,T.J. Logan,RB,0.0,1,2.3000000000000003,-0.5794117647058827,-0.33675213675213694,370.0,448.0,493.0
SC-1850,Sean,Culkin,Sean Culkin,TE,0.0,1,1.2,-0.14117647058823524,-0.13333333333333328,370.0,448.0,521.0
DV-0550,Dan,Vitale,Dan Vitale,RB,0.0,1,10.0,-8.56,-5.9444444444444455,370.0,448.0,408.0
RM-2050,Ray-Ray,McCloud,Ray-Ray McCloud,RB,0.0,1,-2.0,3.6666666666666665,2.2,370.0,448.0,612.0
TS-3662,Tyrone,Swoopes,Tyrone Swoopes,TE,0.0,1,0.5,0.5147058823529411,0.5072463768115941,370.0,448.0,552.0
KH-2025,Khadarel,Hodge,Khadarel Hodge,WR,0.0,1,5.699999999999998,-4.283333333333333,-3.0235294117647062,370.0,448.0,450.0
RD-2300,Ross,Dwelley,Ross Dwelley,TE,0.0,1,21.1,-19.933333333333334,-17.085714285714285,370.0,448.0,348.0
AT-0160,Alex,Tanney,Alex Tanney,QB,0.0,1,0.04,1.0073684210526317,0.9618090452261306,370.0,448.0,569.0
SM-0425,Sean,Mannion,Sean Mannion,QB,0.0,1,-1.46,2.6236363636363635,2.2546875,370.0,448.0,609.0
DD-0075,Darrell,Daniels,Darrell Daniels,TE,0.0,1,0.4,0.7470588235294117,0.6512820512820512,370.0,448.0,557.0
TT-0500,Tyrod,Taylor,Tyrod Taylor,QB,0.0,1,6.02,-4.888290557432431,-4.3193865612202655,370.0,448.0,444.0
KS-1450,Keith,Smith,Keith Smith,RB,0.0,1,2.1,-0.7463414634146341,-0.5513513513513513,370.0,448.0,495.0
GD-0050,Geremy,Davis,Geremy Davis,WR,2.5,1,1.3,-0.25454545454545463,-0.2434782608695653,290.0,448.0,518.0
KB-1225,Khari,Blasingame,Khari Blasingame,RB,0.0,0,5.4,-5.4,-inf,370.0,467.0,454.0
TF-1450,Travis,Fulgham,Travis Fulgham,WR,0.0,0,0.0,0.0,,370.0,467.0,570.0
DH-1362,Damien,Harris,Damien Harris,RB,0.0,0,1.2,-1.2,-inf,370.0,467.0,521.0
DH-2325,Darrell,Henderson,Darrell Henderson,RB,0.0,0,18.4,-18.4,-inf,370.0,467.0,359.0
JS-0825,Jordan,Scarlett,Jordan Scarlett,RB,0.0,0,0.9,-0.9,-inf,370.0,467.0,534.0
KW-0922,Kerrith,Whyte Jr.,Kerrith Whyte Jr.,RB,0.0,0,13.1,-13.1,-inf,370.0,467.0,391.0
PL-0012,Patrick,Laird,Patrick Laird,RB,0.0,0,45.2,-45.2,-inf,370.0,467.0,250.0
QO-0200,Qadree,Ollison,Qadree Ollison,RB,0.0,0,29.7,-29.7,-inf,370.0,467.0,303.0
JJ-2518,Jakob,Johnson,Jakob Johnson,RB,0.0,0,0.5,-0.5,-inf,370.0,467.0,552.0
DO-0600,Devine,Ozigbo,Devine Ozigbo,RB,0.0,0,5.0,-5.0,-inf,370.0,467.0,456.0
NF-0250,Nick,Foles,Nick Foles,QB,7.0,0,33.74,-33.74,-inf,220.0,467.0,286.0
JH-4250,Jonathan,Hilliman,Jonathan Hilliman,RB,0.0,0,5.199999999999998,-5.199999999999998,-inf,370.0,467.0,455.0
DS-2177,Devin,Singletary,Devin Singletary,RB,21.5,0,97.4,-97.4,-inf,76.0,467.0,125.0
MG-0293,Myles,Gaskin,Myles Gaskin,RB,0.0,0,24.4,-24.4,-inf,370.0,467.0,333.0
DW-3906,Dexter,Williams,Dexter Williams,RB,0.0,0,1.1,-1.1,-inf,370.0,467.0,526.0
JW-5637,Juwann,Winfree,Juwann Winfree,WR,0.0,0,0.0,0.0,,370.0,467.0,570.0
TH-2337,Travis,Homer,Travis Homer,RB,0.0,0,17.0,-17.0,-inf,370.0,467.0,365.0
OJ-0050,Olabisi,Johnson,Olabisi Johnson,WR,0.0,0,48.0,-48.0,-inf,370.0,467.0,242.0
CN-0500,Cam,Newton,Cam Newton,QB,16.68,0,0.0,0.0,,105.0,467.0,570.0
CM-1500,Colt,McCoy,Colt McCoy,QB,0.0,0,4.16,-4.16,-inf,370.0,467.0,470.0
DS-1862,Darrius,Shepherd,Darrius Shepherd,WR,0.0,0,-1.9,1.9,inf,370.0,467.0,611.0
NW-0325,Nsimba,Webster,Nsimba Webster,WR,0.0,0,0.0,0.0,,370.0,467.0,570.0
DS-2275,Darius,Slayton,Darius Slayton,WR,0.0,0,124.0,-124.0,-inf,370.0,467.0,83.0
NH-0825,N'Keal,Harry,N'Keal Harry,WR,0.0,0,27.4,-27.4,-inf,370.0,467.0,313.0
GD-0450,Greg,Dortch,Greg Dortch,WR,0.0,0,-2.0,2.0,inf,370.0,467.0,612.0
OZ-0100,Olamide,Zaccheaus,Olamide Zaccheaus,WR,0.0,0,19.5,-19.5,-inf,370.0,467.0,356.0
CG-1015,Cullen,Gillaspia,Cullen Gillaspia,RB,0.0,0,0.0,0.0,,370.0,467.0,570.0
GO-0150,Gunner,Olszewski,Gunner Olszewski,WR,0.0,0,1.4,-1.4,-inf,370.0,467.0,515.0
MS-0200,Matt,Schaub,Matt Schaub,QB,0.0,0,32.9,-32.960179912442584,547.6940489717405,370.0,467.0,290.0
LH-1950,Lil'Jordan,Humphrey,Lil'Jordan Humphrey,WR,0.0,0,0.0,0.0,,370.0,467.0,570.0
IH-0200,Ishmael,Hyman,Ishmael Hyman,WR,0.0,0,3.4,-3.4,-inf,370.0,467.0,477.0
JG-4200,Jalen,Guyton,Jalen Guyton,WR,0.0,0,0.0,0.0,,370.0,467.0,570.0
JM-5750,Jason,Moore,Jason Moore,WR,0.0,0,4.3,-4.3,-inf,370.0,467.0,467.0
JS-4212,Jeff,Smith,Jeff Smith,WR,0.0,0,1.2,-1.2,-inf,370.0,467.0,521.0
KD-1456,Keelan,Doss,Keelan Doss,WR,0.0,0,13.3,-13.3,-inf,370.0,467.0,387.0
MW-0350,Michael,Walker,Michael Walker,WR,0.0,0,-2.5,2.5,inf,370.0,467.0,615.0
TB-2775,Tony,Brooks-James,Tony Brooks-James,RB,0.0,0,2.7,-2.7,-inf,370.0,467.0,485.0
BR-1100,Ben,Roethlisberger,Ben Roethlisberger,QB,12.739999999999998,0,0.0,0.0,,150.0,467.0,570.0
AH-3450,Alexander,Hollins,Alexander Hollins,WR,0.0,0,4.6,-4.6,-inf,370.0,467.0,463.0
TW-1325,Trevon,Wesco,Trevon Wesco,RB,0.0,0,4.9,-4.9,-inf,370.0,467.0,459.0
WH-0762,Wes,Hills,Wes Hills,RB,0.0,0,14.2,-14.2,-inf,370.0,467.0,383.0
CJ-2075,Charles,Jones,Charles Jones,TE,0.0,0,0.5,-0.5,-inf,370.0,467.0,552.0
HH-0237,Hale,Hentges,Hale Hentges,TE,0.0,0,16.3,-16.3,-inf,370.0,467.0,369.0
IN-0050,Isaac,Nauta,Isaac Nauta,TE,0.0,0,1.3,-1.3,-inf,370.0,467.0,518.0
IS-0275,Irv,Smith Jr.,Irv Smith Jr.,TE,-0.1,0,43.2,-43.90000000000001,62.714285714285715,603.0,467.0,260.0
JH-5350,Jesper,Horsted,Jesper Horsted,TE,0.0,0,12.7,-12.7,-inf,370.0,467.0,392.0
SS-0650,Spencer,Schnell,Spencer Schnell,WR,0.0,0,0.0,0.0,,370.0,467.0,570.0
AI-0100,Andy,Isabella,Andy Isabella,WR,0.0,0,28.40000000000001,-28.40000000000001,-inf,370.0,467.0,309.0
SM-3250,Stanley,Morgan Jr.,Stanley Morgan Jr.,WR,0.0,0,1.7999999999999998,-1.7999999999999998,-inf,370.0,467.0,503.0
JS-6325,Jace,Sternberger,Jace Sternberger,TE,0.0,0,0.0,0.0,,370.0,467.0,570.0
KS-1375,Kaden,Smith,Kaden Smith,TE,0.0,0,44.8,-44.8,-inf,370.0,467.0,254.0
SM-2653,Scott,Miller,Scott Miller,WR,0.0,0,27.6,-27.6,-inf,370.0,467.0,312.0
SC-0175,Stephen,Carlson,Stephen Carlson,TE,0.0,0,11.099999999999998,-11.099999999999998,-inf,370.0,467.0,402.0
RR-0650,Riley,Ridley,Riley Ridley,WR,0.0,0,6.9,-6.9,-inf,370.0,467.0,436.0
JU-0400,John,Ursua,John Ursua,WR,0.0,0,1.1,-1.1,-inf,370.0,467.0,526.0
AD-1587,Ashton,Dulin,Ashton Dulin,WR,0.0,0,1.7000000000000002,-1.7000000000000002,-inf,370.0,467.0,504.0
DB-3800,Drew,Brees,Drew Brees,QB,20.32,0,207.44000000000003,-207.44000000000003,-inf,82.0,467.0,25.0
JO-0562,Josh,Oliver,Josh Oliver,TE,0.0,0,1.5,-1.5,-inf,370.0,467.0,513.0
ZG-0012,Zach,Gentry,Zach Gentry,TE,0.0,0,0.4,-0.4,-inf,370.0,467.0,557.0
DW-3125,Damien,Williams,Damien Williams,RB,18.1,0,97.0,-97.0,-inf,91.0,467.0,126.0
CB-1750,C.J.,Board,C.J. Board,WR,0.0,0,3.1,-3.1,-inf,370.0,467.0,480.0
RO-0550,Ricky,Ortiz,Ricky Ortiz,RB,0.0,0,0.8,-0.3147058823529412,-0.6484848484848484,370.0,467.0,540.0
TA-1050,Tavon,Austin,Tavon Austin,WR,0.8,0,35.6,-35.6,-inf,342.0,467.0,278.0
AW-1650,Albert,Wilson,Albert Wilson,WR,1.4,0,45.0,-45.0,-inf,317.0,467.0,251.0
TC-0450,Tra,Carson,Tra Carson,RB,0.0,0,6.6,-6.6,-inf,370.0,467.0,438.0
CL-0275,Cody,Latimer,Cody Latimer,WR,10.4,0,31.6,-31.6,-inf,176.0,467.0,295.0
DS-3187,Diontae,Spencer,Diontae Spencer,WR,0.0,0,1.7,-1.7,-inf,370.0,467.0,506.0
QE-0100,Quincy,Enunwa,Quincy Enunwa,WR,-0.4,0,0.0,0.0,,609.0,467.0,570.0
TC-2050,Tevin,Coleman,Tevin Coleman,RB,5.6,0,110.79999999999998,-110.79999999999998,-inf,237.0,467.0,102.0
DF-2200,Devin,Funchess,Devin Funchess,WR,3.2,0,0.0,0.0,,273.0,467.0,570.0
DW-2350,DeAndrew,White,DeAndrew White,WR,0.0,0,2.0,-1.0454545454545454,-1.0952380952380951,370.0,467.0,500.0
JN-0625,J.J.,Nelson,J.J. Nelson,WR,0.0,0,9.6,-9.6,-inf,370.0,467.0,410.0
DW-2850,D'haquille,Williams,D'haquille Williams,WR,0.0,0,22.6,-22.6,-inf,370.0,467.0,338.0
KR-0312,Kalif,Raymond,Kalif Raymond,WR,0.0,0,22.5,-23.37,26.86206896551725,370.0,467.0,341.0
SP-0850,Senorise,Perry,Senorise Perry,RB,0.0,0,0.4,0.18536585365853653,0.3166666666666666,370.0,467.0,557.0
TJ-2650,Tevin,Jones,Tevin Jones,WR,0.0,0,6.1,-6.1,-inf,370.0,467.0,442.0
AP-0388,Andre,Patton,Andre Patton,WR,0.0,0,5.6,-5.6,-inf,370.0,467.0,452.0
AI-0050,Alec,Ingold,Alec Ingold,RB,0.0,0,12.1,-12.1,-inf,370.0,467.0,397.0
BS-0825,Bo,Scarbrough,Bo Scarbrough,RB,0.0,0,42.2,-42.2,-inf,370.0,467.0,261.0
CG-2162,Cyril,Grayson,Cyril Grayson,WR,0.0,0,0.3,-0.3,-inf,370.0,467.0,565.0
BS-1450,Boston,Scott,Boston Scott,RB,0.0,0,72.9,-72.9,-inf,370.0,467.0,174.0
DH-1800,Dwayne,Harris,Dwayne Harris,WR,0.7,0,0.0,0.0,,345.0,467.0,570.0
TK-0850,Tyler,Kroft,Tyler Kroft,TE,0.0,0,12.6,-12.6,-inf,370.0,467.0,393.0
JH-5150,J.P.,Holtz,J.P. Holtz,TE,0.0,0,9.1,-9.1,-inf,370.0,467.0,418.0
JV-0050,Jason,Vander Laan,Jason Vander Laan,TE,0.0,0,0.0,0.0,,370.0,467.0,570.0
CC-0775,Cethan,Carter,Cethan Carter,TE,0.0,0,7.3,-7.3,-inf,370.0,467.0,435.0
RN-0025,Ryan,Nall,Ryan Nall,RB,0.0,0,0.8,-0.8,-inf,370.0,467.0,540.0
JM-6775,Johnny,Mundt,Johnny Mundt,TE,0.0,0,2.6,-2.3794117647058823,-10.786666666666667,370.0,467.0,490.0
PB-0725,Pharaoh,Brown,Pharaoh Brown,TE,0.0,0,2.7,-2.7,-inf,370.0,467.0,485.0
RB-2350,Reggie,Bonnafon,Reggie Bonnafon,RB,0.0,0,25.3,-25.3,-inf,370.0,467.0,327.0
NB-0125,Nick,Bawden,Nick Bawden,RB,0.0,0,1.7,-1.7,-inf,370.0,467.0,506.0
DY-0075,Deon,Yelder,Deon Yelder,TE,0.0,0,5.0,-5.0,-inf,370.0,467.0,456.0
JG-2687,Jaeden,Graham,Jaeden Graham,TE,0.0,0,20.9,-20.9,-inf,370.0,467.0,351.0
RI-0500,Ryan,Izzo,Ryan Izzo,TE,0.3,0,17.1,-16.85,-67.4,363.0,467.0,364.0
TF-1500,Troy,Fumagalli,Troy Fumagalli,TE,0.7,0,9.1,-8.516666666666666,-14.599999999999998,345.0,467.0,418.0
TH-2875,Tanner,Hudson,Tanner Hudson,TE,0.0,0,2.6,-2.6,-inf,370.0,467.0,490.0
MS-2100,Matthew,Slater,Matthew Slater,WR,0.0,0,0.0,-0.025280898876404518,1.0,370.0,467.0,570.0
GH-1162,Gregory,Howell,Gregory Howell,RB,0.0,0,1.0,-1.0,-inf,370.0,467.0,532.0
AR-1100,Andre,Roberts,Andre Roberts,WR,0.0,0,2.7,-2.7,-inf,370.0,467.0,485.0
DD-0681,Dalyn,Dawkins,Dalyn Dawkins,RB,0.0,0,2.6,-2.6,-inf,370.0,467.0,490.0
CH-3775,Cody,Hollister,Cody Hollister,WR,0.0,0,1.3,-1.3,-inf,370.0,467.0,518.0
VB-0325,Ventell,Bryant,Ventell Bryant,WR,0.0,0,7.5,-7.5,-inf,370.0,467.0,431.0
GW-0250,Greg,Ward Jr.,Greg Ward Jr.,WR,0.0,0,31.9,-31.9,-inf,370.0,467.0,294.0
JW-1050,Justin,Watson,Justin Watson,WR,0.0,0,27.9,-27.48333333333333,-65.96000000000001,370.0,467.0,311.0
BA-0375,Brandon,Allen,Brandon Allen,QB,0.0,0,33.5,-33.5,-inf,370.0,467.0,289.0
TS-1450,Trevor,Siemian,Trevor Siemian,QB,0.12,0,0.0,0.0,,368.0,467.0,570.0
RG-0012,Rico,Gafford,Rico Gafford,WR,0.0,0,14.6,-14.6,-inf,370.0,467.0,381.0
SM-2825,Steven,Mitchell,Steven Mitchell,WR,0.0,0,3.7,-3.7,-inf,370.0,467.0,474.0
BH-2300,Brett,Hundley,Brett Hundley,QB,0.0,0,6.06,-6.060288090215742,21036.07744743466,370.0,467.0,443.0
GG-0310,Garrett,Gilbert,Garrett Gilbert,QB,0.0,0,-0.30000000000000004,0.5926829268292684,2.0250000000000004,370.0,467.0,607.0
DB-2750,David,Blough,David Blough,QB,0.0,0,55.36,-55.36,-inf,370.0,467.0,214.0
FB-0750,Fred,Brown,Fred Brown,WR,0.0,0,2.1,-2.1,-inf,370.0,467.0,495.0
DH-1912,Dwayne,Haskins,Dwayne Haskins,QB,0.0,0,79.69999999999997,-79.69999999999997,-inf,370.0,467.0,158.0
DL-1787,Drew,Lock,Drew Lock,QB,0.0,0,68.0,-68.0,-inf,370.0,467.0,182.0
AM-1150,A.J.,McCarron,A.J. McCarron,QB,0.0,0,17.9,-17.18027945198942,-23.87076414516505,370.0,467.0,361.0
JS-6787,Jarrett,Stidham,Jarrett Stidham,QB,0.0,0,-1.64,1.64,inf,370.0,467.0,610.0
RG-1885,Ryan,Griffin,Ryan Griffin,QB,0.0,0,0.62,-0.62,-inf,370.0,467.0,545.0
RF-0450,Ryan,Finley,Ryan Finley,QB,0.0,0,24.66,-24.66,-inf,370.0,467.0,331.0
TM-2362,Trace,McSorley,Trace McSorley,QB,0.0,0,0.1,-0.1,-inf,370.0,467.0,567.0
WG-0750,Will,Grier,Will Grier,QB,0.0,0,1.3200000000000005,-1.3200000000000005,-inf,370.0,467.0,517.0
AB-1125,Andrew,Beck,Andrew Beck,RB,0.0,0,15.54,-15.54,-inf,370.0,467.0,373.0
DH-3450,Devlin,Hodges,Devlin Hodges,QB,0.0,0,52.32000000000001,-52.32000000000001,-inf,370.0,467.0,227.0
DS-0875,Da'Mari,Scott,Da'Mari Scott,WR,0.0,0,2.7,-2.7,-inf,370.0,467.0,485.0
JS-1350,Jaleel,Scott,Jaleel Scott,WR,0.0,0,0.6,-0.6,-inf,370.0,467.0,546.0
CS-1925,Cam,Sims,Cam Sims,WR,0.0,0,2.7,-2.7,-inf,370.0,467.0,485.0
RD-0150,Rashard,Davis,Rashard Davis,WR,0.0,0,1.6,-1.6,-inf,370.0,467.0,509.0
IF-0175,Isaiah,Ford,Isaiah Ford,WR,0.0,0,25.5,-25.5,-inf,370.0,467.0,326.0
RD-0450,Robert,Davis,Robert Davis,WR,0.0,0,1.7000000000000002,-1.7000000000000002,-inf,370.0,467.0,504.0
JD-1650,James,Develin,James Develin,RB,0.3,0,0.0,0.0,,363.0,467.0,570.0
CW-3250,Cedrick,Wilson,Cedrick Wilson,WR,0.0,0,4.6,-4.6,-inf,370.0,467.0,463.0
KH-2075,Krishawn,Hogan,Krishawn Hogan,WR,0.0,0,0.4,-0.4,-inf,370.0,467.0,557.0
AL-0387,Allen,Lazard,Allen Lazard,WR,0.0,0,67.8,-67.21666666666667,-115.22857142857143,370.0,467.0,183.0
BP-1375,Byron,Pringle,Byron Pringle,WR,0.0,0,23.0,-23.0,-inf,370.0,467.0,336.0
CB-1650,Christian,Blake,Christian Blake,WR,0.0,0,9.1,-9.1,-inf,370.0,467.0,418.0
TB-2093,Tim,Boyle,Tim Boyle,QB,0.0,0,-0.10000000000000003,0.10000000000000003,inf,370.0,467.0,603.0
CL-0125,Chris,Lacy,Chris Lacy,WR,0.0,0,6.0,-6.0,-inf,370.0,467.0,445.0
CM-1650,Codey,McElroy,Codey McElroy,WR,0.0,0,3.0,-3.0,-inf,370.0,467.0,482.0
BB-1950,Braxton,Berrios,Braxton Berrios,WR,0.0,0,9.5,-9.5,-inf,370.0,467.0,412.0
JN-0350,JoJo,Natson,JoJo Natson,WR,0.0,0,0.0,0.5735294117647058,1.0,370.0,467.0,570.0
ML-2500,Marshawn,Lynch,Marshawn Lynch,RB,0.0,-1,9.4,-11.18179805435835,6.275569797041378,370.0,606.0,415.0
LS-1550,Lee,Smith,Lee Smith,TE,0.8,-1,8.3,-9.854594079567184,6.339014286167103,342.0,606.0,425.0
JA-1025,Javorius,Allen,Javorius Allen,RB,0.0,-3,10.500000000000002,-14.283122304182644,3.7754852092387114,370.0,608.0,405.0
ML-0650,Marqise,Lee,Marqise Lee,WR,0.0,-3,1.9,-5.319974555696113,1.5555596888390495,370.0,608.0,501.0
DH-1487,Deonte,Harris,Deonte Harris,WR,-0.7,-4,10.2,-15.1,3.081632653061225,611.0,610.0,407.0
DJ-2275,Daniel,Jones,Daniel Jones,QB,-0.8199999999999998,-5,218.8,-224.54,39.11846689895472,612.0,611.0,22.0
AA-0025,Ameer,Abdullah,Ameer Abdullah,RB,1.0,-8,23.300000000000004,-31.383245105082274,3.8825056888786333,334.0,612.0,335.0
SW-0350,Spencer,Ware,Spencer Ware,RB,0.0,-13,7.300000000000002,-20.674425710991066,1.545817828574193,370.0,613.0,434.0
RG-1850,Robert,Griffin,Robert Griffin,QB,7.1000000000000005,-27,9.0,-36.6557134155415,1.3254300427824917,217.0,614.0,421.0
MG-0850,Mike,Glennon,Mike Glennon,QB,0.0,-27,4.24,-31.831896533278176,1.153668306014637,370.0,614.0,469.0
