player,first,last,name,position,week12-cur,week12-pred,week12-act,week12-diff,week12-pct,rank-cur,rank-pred,rank-act
JG-0650,Jimmy,Garoppolo,Jimmy Garoppolo,QB,158.16,146,94.2,51.95917206315974,0.3554971701721643,20.0,1.0,22.0
RW-3850,Russell,Wilson,Russell Wilson,QB,244.12,117,89.52000000000002,28.0790163934426,0.23876914326817705,3.0,2.0,30.0
AR-1300,Aaron,Rodgers,Aaron Rodgers,QB,190.62000000000003,113,91.76,21.692480709433326,0.1912032295264712,11.0,3.0,25.0
DP-2037,Dak,Prescott,Dak Prescott,QB,237.1,111,107.64,4.243448275862093,0.03792739981877714,4.0,4.0,13.0
KC-2350,Kirk,Cousins,Kirk Cousins,QB,200.20000000000005,105,50.17999999999999,55.01997310942735,0.5230036803545229,9.0,5.0,92.0
DW-1725,Deshaun,Watson,Deshaun Watson,QB,222.14,104,101.84,2.688571428571421,0.02572092387590536,6.0,6.0,15.0
MR-2500,Matt,Ryan,Matt Ryan,QB,173.22,102,96.12,6.302002657626147,0.06152977381913077,15.0,7.0,18.0
KM-3500,Kyler,Murray,Kyler Murray,QB,222.92,101,65.36,35.96727272727272,0.3549614211376277,5.0,8.0,59.0
LJ-0150,Lamar,Jackson,Lamar Jackson,QB,278.12000000000006,100,146.26,-45.492307692307655,-0.451457274156857,1.0,9.0,2.0
CM-1225,Christian,McCaffrey,Christian McCaffrey,RB,251.6,97,111.6,-14.499999999999945,-0.14933058702368626,2.0,10.0,9.0
JA-1087,Josh,Allen,Josh Allen,QB,200.1,94,91.46,3.1923076923076783,0.03372667576880553,10.0,11.0,27.0
RT-0150,Ryan,Tannehill,Ryan Tannehill,QB,85.74,91,145.44,-53.605778172363365,-0.583723334346709,89.0,12.0,3.0
EE-0250,Ezekiel,Elliott,Ezekiel Elliott,RB,149.20000000000005,90,108.4,-17.582758620689678,-0.1936059536013975,24.0,13.0,12.0
SB-0212,Saquon,Barkley,Saquon Barkley,RB,84.0,89,112.1,-22.376923076923088,-0.2493998628257889,94.0,14.0,8.0
CW-1425,Carson,Wentz,Carson Wentz,QB,167.06,89,112.8,-23.271724137931045,-0.25993714180070265,17.0,14.0,7.0
BM-0650,Baker,Mayfield,Baker Mayfield,QB,137.46,88,95.72,-7.66769230769232,-0.08708110563650992,34.0,16.0,19.0
PM-0025,Patrick,Mahomes,Patrick Mahomes,QB,201.42,88,94.62,-5.895348837209298,-0.06644544396565276,8.0,16.0,20.0
DC-0725,Derek,Carr,Derek Carr,QB,154.96,88,94.44,-5.5786666666666775,-0.0627794616331064,22.0,16.0,21.0
AK-0050,Alvin,Kamara,Alvin Kamara,RB,97.02,87,72.5,15.159999999999995,0.17294090805384438,67.0,19.0,47.0
DJ-2275,Daniel,Jones,Daniel Jones,QB,145.16000000000003,87,72.82,14.37636363636365,0.1648734309187207,29.0,19.0,46.0
JW-5650,Jameis,Winston,Jameis Winston,QB,178.32,84,130.04,-46.02174103440008,-0.5477588038719421,12.0,21.0,5.0
TB-2300,Tom,Brady,Tom Brady,QB,174.28000000000003,83,91.4,-7.609363783239701,-0.0908140112882641,14.0,22.0,28.0
AD-0100,Andy,Dalton,Andy Dalton,QB,130.14,83,75.48,7.735069478776778,0.09295274915019493,38.0,22.0,43.0
JJ-0587,Josh,Jacobs,Josh Jacobs,RB,146.70000000000005,81,24.9,57.08181818181818,0.6962741184298071,27.0,24.0,194.0
GM-1350,Gardner,Minshew,Gardner Minshew,QB,148.9,81,83.34,-2.1218181818181847,-0.026124916051041003,25.0,24.0,34.0
JG-1850,Jared,Goff,Jared Goff,QB,140.26,79,109.3,-29.43793103448276,-0.36860967184801374,33.0,26.0,11.0
ME-0600,Mike,Evans,Mike Evans,WR,145.29999999999995,79,24.4,54.990070641155654,0.6926567793309018,28.0,26.0,200.0
TG-1950,Todd,Gurley,Todd Gurley,RB,108.2,79,80.2,-0.9625258179303416,-0.012147356132512206,52.0,26.0,37.0
NC-0175,Nick,Chubb,Nick Chubb,RB,149.7,76,71.5,4.699999999999988,0.06167979002624657,23.0,29.0,49.0
PR-0300,Philip,Rivers,Philip Rivers,QB,161.16,74,79.34,-5.243717621069735,-0.070768970489683,19.0,30.0,38.0
MM-0912,Marcus,Mariota,Marcus Mariota,QB,86.06000000000002,72,0.96,71.92733140390469,0.9868289868553404,87.0,31.0,440.0
MT-1800,Mitchell,Trubisky,Mitchell Trubisky,QB,97.0,71,105.82,-34.742857142857126,-0.4888049202074203,68.0,32.0,14.0
TH-1750,Tyreek,Hill,Tyreek Hill,WR,92.1,70,46.2,23.898305084745783,0.34092557667198625,77.0,33.0,104.0
PL-0275,Phillip,Lindsay,Phillip Lindsay,RB,111.9,70,50.79999999999999,19.284615384615396,0.275161892218198,50.0,33.0,89.0
JC-5680,Jamison,Crowder,Jamison Crowder,WR,74.60000000000002,70,45.2,25.37556354311513,0.3595516956462277,120.0,33.0,110.0
MT-0875,Michael,Thomas,Michael Thomas,WR,143.2,67,82.39999999999998,-14.548275862068989,-0.21441276617370586,31.0,36.0,35.0
KH-2850,Kareem,Hunt,Kareem Hunt,RB,7.4,66,53.40000000000001,12.857142857142858,0.1940491591203105,397.0,37.0,80.0
JH-5575,Jordan,Howard,Jordan Howard,RB,101.4,66,0.0,66.12413793103448,1.0,58.0,37.0,478.0
MI-0100,Mark,Ingram,Mark Ingram,RB,140.90000000000003,66,75.1,-9.086381287901162,-0.1376440417170439,32.0,37.0,44.0
JJ-4700,Julio,Jones,Julio Jones,WR,113.9,66,63.2,3.108695652173885,0.046882171660874314,47.0,37.0,61.0
LB-0250,Le'Veon,Bell,Le'Veon Bell,RB,105.7,65,43.29999999999999,21.859306984971038,0.3354748231133409,55.0,41.0,121.0
MG-1150,Melvin,Gordon,Melvin Gordon,RB,76.1,65,62.7,2.6513621662659688,0.04057087837772092,115.0,41.0,63.0
DH-3950,DeAndre,Hopkins,DeAndre Hopkins,WR,99.10000000000002,63,67.44,-3.472075471698105,-0.05427838244403137,63.0,43.0,54.0
SD-0175,Sam,Darnold,Sam Darnold,QB,99.2,62,90.96,-28.744615384615397,-0.462017804154303,62.0,44.0,29.0
AP-0700,Adrian,Peterson,Adrian Peterson,RB,63.2,60,66.8,-6.508856803049447,-0.10795709714422297,157.0,45.0,55.0
BAL,Baltimore,Ravens,Baltimore Ravens,DF,92.0,60,43.0,17.6360666807493,0.2908510997852765,78.0,45.0,122.0
LF-0650,Leonard,Fournette,Leonard Fournette,RB,122.3,59,61.1,-1.2571428571428598,-0.021007400334208687,42.0,47.0,67.0
DH-2450,Derrick,Henry,Derrick Henry,RB,161.79999999999995,59,122.7,-63.23172413793103,-1.0632849737327348,18.0,47.0,6.0
DW-0675,Darren,Waller,Darren Waller,TE,85.1,58,46.0,12.349844869894268,0.21165171728273435,90.0,49.0,106.0
LM-1000,LeSean,McCoy,LeSean McCoy,RB,75.69999999999997,58,14.9,43.562008171037476,0.7451336266724145,116.0,49.0,262.0
DP-0350,DeVante,Parker,DeVante Parker,WR,84.4,58,91.8,-33.33108856786445,-0.5700651466130271,93.0,49.0,24.0
JS-4750,Juju,Smith-Schuster,Juju Smith-Schuster,WR,70.39999999999998,57,2.8000000000000003,54.62857142857143,0.9512437810945276,128.0,52.0,402.0
JM-5275,Joe,Mixon,Joe Mixon,RB,92.5,57,98.0,-40.25714285714287,-0.6971796140524495,76.0,52.0,17.0
AC-2350,Amari,Cooper,Amari Cooper,WR,134.6,57,36.9,20.437569363070548,0.3564428975643636,35.0,52.0,143.0
MG-0306,Matt,Gay,Matt Gay,K,98.0,56,42.0,14.18181818181818,0.2524271844660194,65.0,55.0,125.0
JB-6950,John,Brown,John Brown,WR,108.1,56,43.72000000000001,13.118291268003096,0.23080024003796876,53.0,55.0,120.0
CR-0862,Calvin,Ridley,Calvin Ridley,WR,95.3,56,38.7,17.630769230769232,0.3129864809504301,70.0,55.0,137.0
RF-0500,Ryan,Fitzpatrick,Ryan Fitzpatrick,QB,100.88,56,141.58,-84.59700021738587,-1.4846006798539402,60.0,55.0,4.0
AJ-1143,Aaron,Jones,Aaron Jones,RB,178.3,56,91.5,-34.82857142857142,-0.6145702041845221,13.0,55.0,26.0
FG-0200,Frank,Gore,Frank Gore,RB,66.6,55,15.3,39.790065814210735,0.7222729765544535,146.0,60.0,257.0
JL-0215,Jarvis,Landry,Jarvis Landry,WR,88.5,52,67.89999999999999,-15.721333333333321,-0.30129810395052864,83.0,61.0,52.0
RC-1500,Randall,Cobb,Randall Cobb,WR,66.6,52,33.3,19.247062414487047,0.3662823672742684,146.0,61.0,156.0
DM-2787,David,Montgomery,David Montgomery,RB,92.9,52,52.5,-0.13636363636364024,-0.002604166666666741,74.0,61.0,82.0
DM-2275,D.K.,Metcalf,D.K. Metcalf,WR,92.6,52,40.5,11.918181818181822,0.2273673257023934,75.0,61.0,131.0
DC-3550,Dalvin,Cook,Dalvin Cook,RB,213.2,52,28.2,24.767441860465123,0.4675974710221286,7.0,61.0,173.0
TM-2275,Terry,McLaurin,Terry McLaurin,WR,88.60000000000002,52,49.3,2.9545454545454604,0.05654140570633274,82.0,61.0,96.0
MM-0050,Marlon,Mack,Marlon Mack,RB,121.8,52,47.5,4.671428571428564,0.08953997809419482,43.0,61.0,101.0
SM-2625,Sony,Michel,Sony Michel,RB,93.10000000000002,51,47.7,4.269230769230789,0.0821492007104799,73.0,68.0,100.0
NE,New England,Patriots,New England Patriots,DF,147.0,51,42.0,9.695539735993217,0.18755079810575334,26.0,68.0,125.0
CH-5000,Carlos,Hyde,Carlos Hyde,RB,101.1,51,44.1,7.075197590017068,0.13825442642545369,59.0,68.0,118.0
EE-0050,Eric,Ebron,Eric Ebron,TE,53.10000000000001,51,4.4,46.77295274022796,0.9140170780776329,181.0,68.0,380.0
MB-4075,Marquise,Brown,Marquise Brown,WR,75.69999999999997,50,28.700000000000006,21.42727272727272,0.4274573812114617,116.0,72.0,170.0
JW-2550,James,White,James White,RB,68.39999999999999,50,53.8,-3.2995462641060267,-0.06533696274021443,136.0,72.0,78.0
OB-0075,Odell,Beckham Jr.,Odell Beckham Jr.,WR,77.00000000000001,50,52.3,-1.4940546814781897,-0.029407083602349924,113.0,72.0,83.0
AE-0550,Austin,Ekeler,Austin Ekeler,RB,157.1,50,65.89999999999999,-15.2767441860465,-0.3017732451304665,21.0,72.0,58.0
JS-3825,Joey,Slye,Joey Slye,K,82.0,50,42.0,8.18181818181818,0.16304347826086954,96.0,72.0,125.0
CC-0750,Chris,Carson,Chris Carson,RB,132.4,49,63.39999999999999,-13.899999999999993,-0.2808080808080806,37.0,77.0,60.0
MS-0125,Miles,Sanders,Miles Sanders,RB,82.8,49,87.9,-38.04545454545456,-0.7631291028446392,95.0,77.0,31.0
PIT,Pittsburgh,Steelers,Pittsburgh Steelers,DF,113.0,49,51.0,-1.9681528662420436,-0.0401402961808263,49.0,77.0,86.0
KA-0650,Keenan,Allen,Keenan Allen,WR,105.69999999999996,48,51.8,-3.0989857980338162,-0.06363288011173908,56.0,80.0,85.0
TK-0150,Travis,Kelce,Travis Kelce,TE,107.3,48,50.0,-1.5636254320456897,-0.03228204930680734,54.0,80.0,93.0
JC-4075,James,Conner,James Conner,RB,97.2,48,14.3,33.785714285714285,0.7026143790849673,66.0,80.0,269.0
JE-0100,Julian,Edelman,Julian Edelman,WR,102.08,48,52.2,-3.2130927530418987,-0.06559084730219256,57.0,80.0,84.0
CM-2137,Chase,McLaughlin,Chase McLaughlin,K,77.0,47,10.0,37.45454545454545,0.7892720306513409,114.0,84.0,310.0
CS-4462,Courtland,Sutton,Courtland Sutton,WR,109.72,47,42.7,4.843076923076907,0.10186713264084364,51.0,84.0,124.0
PHI,Philadelphia,Eagles,Philadelphia Eagles,DF,68.0,47,38.0,9.235668789808926,0.1955231930960088,137.0,84.0,140.0
KG-0650,Kenny,Golladay,Kenny Golladay,WR,125.1,47,65.9,-18.357142857142875,-0.3861177884615389,40.0,84.0,57.0
CK-1300,Cooper,Kupp,Cooper Kupp,WR,117.0,47,61.6,-14.02857142857144,-0.2948948948948952,45.0,84.0,66.0
LF-0200,Larry,Fitzgerald,Larry Fitzgerald,WR,75.3,47,27.1,20.60612372866005,0.4319387558264489,118.0,84.0,180.0
GB,Green Bay,Packers,Green Bay Packers,DF,63.0,46,41.0,5.872611464968166,0.12528876206006276,159.0,90.0,130.0
AB-3150,A.J.,Brown,A.J. Brown,WR,64.4,46,110.7,-63.84545454545453,-1.3626309662398133,155.0,90.0,10.0
GT-0100,Golden,Tate,Golden Tate,WR,65.30000000000001,46,45.90000000000001,1.023449515493411,0.02181104599216397,150.0,90.0,107.0
SEA,Seattle,Seahawks,Seattle Seahawks,DF,67.0,46,45.0,1.7006369426751533,0.03641571194762672,143.0,90.0,112.0
TL-1025,Tyler,Lockett,Tyler Lockett,WR,116.8,46,38.4,8.221621621621651,0.17634782608695704,46.0,90.0,139.0
CG-1425,Chris,Godwin,Chris Godwin,WR,133.5,45,58.6,-13.142857142857144,-0.28912633563796364,36.0,95.0,71.0
TC-1975,Tarik,Cohen,Tarik Cohen,RB,54.7,45,28.200000000000006,17.054285714285705,0.3768545994065281,177.0,95.0,172.0
CHI,Chicago,Bears,Chicago Bears,DF,70.0,45,20.0,25.37203812715809,0.5591998767181519,129.0,95.0,226.0
ZE-0100,Zach,Ertz,Zach Ertz,TE,74.10000000000002,45,53.5,-8.199594974922995,-0.1810048932318361,122.0,95.0,79.0
MJ-2250,Marvin,Jones,Marvin Jones,WR,113.5,45,18.4,26.697464586414892,0.5919948012877249,48.0,95.0,233.0
CAR,Carolina,Panthers,Carolina Panthers,DF,85.0,45,8.0,37.55414012738854,0.8243847874720358,91.0,95.0,331.0
GK-0075,George,Kittle,George Kittle,TE,67.9,44,71.6,-27.585714285714275,-0.6267445634534239,138.0,101.0,48.0
NYG,New York,Giants,New York Giants,DF,54.0,43,17.0,26.34497467338618,0.6077976714002327,178.0,102.0,245.0
ES-0200,Emmanuel,Sanders,Emmanuel Sanders,WR,78.8,43,45.0,-1.8193521426816943,-0.04213350732238605,107.0,102.0,112.0
DM-2850,D.J.,Moore,D.J. Moore,WR,86.39999999999998,43,61.1,-17.161538461538466,-0.3905812324929972,85.0,102.0,67.0
AS-0575,Austin,Seibert,Austin Seibert,K,69.0,43,43.0,0.09090909090909348,0.00210970464135027,134.0,102.0,122.0
TEN,Tennessee,Titans,Tennessee Titans,DF,82.0,43,45.0,-1.9299363057324823,-0.04480922803904167,96.0,102.0,112.0
LA,Los Angeles,Rams,Los Angeles Rams,DF,89.0,42,44.0,-1.2738853503184655,-0.029815146094215726,81.0,107.0,119.0
SD-0537,Stefon,Diggs,Stefon Diggs,WR,124.9,42,34.099999999999994,8.299999999999997,0.1957547169811321,41.0,107.0,153.0
MB-3537,Matt,Breida,Matt Breida,RB,79.2,42,7.100000000000001,35.64285714285714,0.8338903743315508,104.0,107.0,345.0
MIA,Miami,Dolphins,Miami Dolphins,DF,17.0,41,24.0,17.961783439490446,0.4280510018214936,321.0,110.0,204.0
JW-3650,Jamaal,Williams,Jamaal Williams,RB,81.7,41,25.6,15.671428571428573,0.3797161647628938,98.0,110.0,188.0
DEN,Denver,Broncos,Denver Broncos,DF,52.0,41,40.0,1.4499698093289126,0.03498120302617388,186.0,110.0,132.0
BUF,Buffalo,Bills,Buffalo Bills,DF,72.0,41,50.0,-8.097067011723297,-0.1932338963954775,124.0,110.0,93.0
SF,San Francisco,49ers,San Francisco 49ers,DF,121.0,40,19.0,21.070063694267517,0.5258305515816245,44.0,114.0,230.0
JB-5725,Jacoby,Brissett,Jacoby Brissett,QB,145.08,40,75.6,-35.59862068965517,-0.8899348298334541,30.0,114.0,41.0
CIN,Cincinnati,Bengals,Cincinnati Bengals,DF,30.0,40,33.0,7.261146496815286,0.18035121025154247,253.0,114.0,157.0
IND,Indianapolis,Colts,Indianapolis Colts,DF,62.0,40,40.0,0.7770700636942678,0.019056544829740712,161.0,114.0,132.0
RA-1125,Robby,Anderson,Robby Anderson,WR,49.89999999999999,39,62.3,-23.1758620689655,-0.5923673541336147,192.0,118.0,64.0
GB-0350,Giovani,Bernard,Giovani Bernard,RB,24.0,39,14.4,25.191682132646843,0.6362872395329239,286.0,118.0,267.0
MA-1050,Mark,Andrews,Mark Andrews,TE,93.8,39,49.4,-10.399999999999991,-0.2666666666666664,72.0,118.0,95.0
NO,New Orleans,Saints,New Orleans Saints,DF,78.0,39,47.0,-7.121019108280258,-0.17856572432518775,109.0,118.0,102.0
DAL,Dallas,Cowboys,Dallas Cowboys,DF,65.0,39,27.0,12.152866242038208,0.3103953147877012,151.0,118.0,181.0
DET,Detroit,Lions,Detroit Lions,DF,53.0,39,21.0,18.019108280254788,0.461802154750245,182.0,118.0,221.0
AR-1250,Allen,Robinson,Allen Robinson,WR,81.29999999999998,39,75.6,-36.2269640204465,-0.9200957741551666,100.0,118.0,41.0
DJ-1850,Duke,Johnson,Duke Johnson,RB,73.9,39,36.1,3.85278382961814,0.09643342616746424,123.0,118.0,147.0
ATL,Atlanta,Falcons,Atlanta Falcons,DF,31.0,39,36.0,3.7834394904458577,0.09510086455331407,251.0,118.0,148.0
LM-1850,Latavius,Murray,Latavius Murray,RB,86.30000000000003,39,36.9,2.3179758405360293,0.05910493315517192,86.0,118.0,143.0
HOU,Houston,Texans,Houston Texans,DF,58.0,38,33.0,5.276595744680833,0.13785436353529698,171.0,128.0,157.0
KS-2350,Kenny,Stills,Kenny Stills,WR,45.40000000000001,38,34.7,4.136981132075476,0.10652169688489876,207.0,128.0,152.0
KD-1462,Kenyan,Drake,Kenyan Drake,RB,74.19999999999997,38,92.0,-53.13220338983052,-1.366998081283796,121.0,128.0,23.0
KJ-0587,Kerryon,Johnson,Kerryon Johnson,RB,59.4,38,15.6,22.892307692307696,0.5947242206235012,167.0,128.0,251.0
NYJ,New York,Jets,New York Jets,DF,67.0,37,48.0,-10.958564456091473,-0.2958461057239887,143.0,132.0,98.0
JAC,Jacksonville,Jaguars,Jacksonville Jaguars,DF,72.0,37,28.0,9.834394904458604,0.2599326599326601,124.0,132.0,174.0
CLE,Cleveland,Browns,Cleveland Browns,DF,65.0,37,23.0,14.1751592356688,0.3813072903281078,151.0,132.0,210.0
SS-1250,Sterling,Shepard,Sterling Shepard,WR,38.90000000000001,37,45.9,-8.213793103448282,-0.2179522371671701,224.0,132.0,108.0
RW-4050,Robert,Woods,Robert Woods,WR,69.7,36,73.2,-36.464188879897044,-0.9926060638944952,132.0,136.0,45.0
RF-1400,Royce,Freeman,Royce Freeman,RB,72.0,36,27.2,9.561538461538456,0.26009625444653683,124.0,136.0,179.0
WAS,Washington,Redskins,Washington Redskins,DF,46.0,36,33.0,3.9171974522293103,0.1061076604554868,201.0,136.0,157.0
EE-0400,Evan,Engram,Evan Engram,TE,67.4,36,0.0,36.90000000000001,1.0,140.0,136.0,478.0
EM-0200,Eli,Manning,Eli Manning,QB,25.04,35,31.34,4.360213638365085,0.1221341049253386,281.0,140.0,164.0
ARI,Arizona,Cardinals,Arizona Cardinals,DF,41.0,35,22.0,13.380952380952387,0.3781965006729476,214.0,140.0,217.0
AH-3862,Adam,Humphries,Adam Humphries,WR,40.2,35,9.3,26.47558736253088,0.7400461967050682,220.0,140.0,318.0
CK-0825,Christian,Kirk,Christian Kirk,WR,77.4,35,24.8,11.177777777777774,0.31068560840024706,112.0,140.0,195.0
TB,Tampa Bay,Buccaneers,Tampa Bay Buccaneers,DF,52.0,35,77.0,-41.186593442713324,-1.1500328341240529,186.0,140.0,39.0
JG-2900,Jimmy,Graham,Jimmy Graham,TE,49.00000000000001,35,13.7,22.081684345998255,0.6171225516517034,195.0,140.0,275.0
MH-0875,Mecole,Hardman,Mecole Hardman,WR,77.8,35,23.700000000000006,11.663636363636355,0.3298200514138816,111.0,140.0,205.0
MG-0175,Michael,Gallup,Michael Gallup,WR,87.8,35,62.90000000000001,-27.24615384615385,-0.7641855447680692,84.0,140.0,62.0
MIN,Minnesota,Vikings,Minnesota Vikings,DF,81.0,35,62.0,-26.96825396825396,-0.7698232895333028,102.0,140.0,65.0
LAC,Los Angeles,Chargers,Los Angeles Chargers,DF,64.0,34,10.0,24.76190476190477,0.7123287671232877,156.0,149.0,310.0
KC,Kansas City,Chiefs,Kansas City Chiefs,DF,79.0,34,47.0,-12.238095238095227,-0.3520547945205475,105.0,149.0,102.0
DC-1418,D.J.,Chark,D.J. Chark,WR,129.6,33,23.2,10.26153846153846,0.30666666666666664,39.0,151.0,209.0
OAK,Oakland,Raiders,Oakland Raiders,DF,60.0,33,6.0,27.5024789478341,0.8209087748598408,164.0,151.0,358.0
GE-0150,Gus,Edwards,Gus Edwards,RB,55.90000000000001,33,31.7,1.4615384615384637,0.0440733008582696,174.0,151.0,163.0
DJ-1675,Diontae,Johnson,Diontae Johnson,WR,58.8,33,49.3,-15.645454545454548,-0.4648838465694221,169.0,151.0,96.0
GO-0100,Greg,Olsen,Greg Olsen,TE,60.60000000000001,32,11.1,20.973731409384364,0.6539223996634117,163.0,155.0,294.0
AH-3650,Austin,Hooper,Austin Hooper,TE,98.8,32,17.9,14.427586206896555,0.44629333333333343,64.0,155.0,239.0
CB-1130,Cole,Beasley,Cole Beasley,WR,64.9,32,52.90000000000001,-20.86593217435811,-0.6513669224879339,154.0,155.0,81.0
TB-2075,Tyler,Boyd,Tyler Boyd,WR,67.3,32,67.50000000000001,-34.50000000000002,-1.0454545454545463,141.0,155.0,53.0
WF-0300,Will,Fuller,Will Fuller,WR,65.0,32,22.0,10.244827586206902,0.3177200299433217,151.0,155.0,217.0
PB-0125,Peyton,Barber,Peyton Barber,RB,66.79999999999998,31,33.7,-2.6758620689655146,-0.08625097254640425,145.0,160.0,154.0
MS-0150,Mohamed,Sanu,Mohamed Sanu,WR,55.2,31,9.9,21.6239782176726,0.6859533421942926,176.0,160.0,312.0
NH-1237,Nyheim,Hines,Nyheim Hines,RB,37.90000000000001,31,36.0,-4.661538461538463,-0.14874815905743746,227.0,160.0,148.0
MV-0012,Marquez,Valdes-Scantling,Marquez Valdes-Scantling,WR,58.9,30,3.2,27.700000000000006,0.8964401294498382,168.0,163.0,394.0
MW-2825,Mike,Williams,Mike Williams,WR,66.3,30,48.0,-17.72093023255814,-0.5852534562211982,148.0,163.0,98.0
JR-3250,Josh,Rosen,Josh Rosen,QB,17.979999999999997,30,0.0,30.66923076923076,1.0,316.0,163.0,478.0
HR-0062,Hunter,Renfrow,Hunter Renfrow,WR,50.50000000000001,29,38.0,-8.763636363636358,-0.2997512437810943,190.0,166.0,140.0
CD-0975,Corey,Davis,Corey Davis,WR,49.4,29,22.700000000000006,6.6571428571428655,0.2267639902676401,194.0,166.0,212.0
DW-2275,Dede,Westbrook,Dede Westbrook,WR,49.5,29,41.2,-11.928571428571436,-0.40751586139580304,193.0,166.0,129.0
NA-0050,Nelson,Agholor,Nelson Agholor,WR,48.9,29,6.1,23.590209815708874,0.7945450693052181,196.0,166.0,356.0
KA-0737,Kyle,Allen,Kyle Allen,QB,96.02000000000002,28,87.46,-58.94615384615384,-2.067281752454948,69.0,170.0,32.0
CS-0050,Curtis,Samuel,Curtis Samuel,WR,81.3,28,36.4,-7.9714285714285635,-0.2804020100502509,99.0,170.0,145.0
OH-0250,O.J.,Howard,O.J. Howard,TE,26.3,27,23.6,3.8285714285714287,0.13958333333333334,268.0,172.0,207.0
DT-0900,Demaryius,Thomas,Demaryius Thomas,WR,36.0,27,13.3,14.07731647979637,0.5141963599750546,231.0,172.0,280.0
JR-2075,Jalen,Richard,Jalen Richard,RB,23.9,27,22.9,4.420689655172417,0.1618073961883126,287.0,172.0,211.0
TG-0900,Ted,Ginn,Ted Ginn,WR,44.8,27,11.1,16.24805168831824,0.5941209952904476,209.0,172.0,294.0
DM-2775,Donte,Moncrief,Donte Moncrief,WR,1.8,26,0.0,26.246666666666673,1.0,468.0,176.0,478.0
JW-6000,Jason,Witten,Jason Witten,TE,47.1,26,29.8,-3.6622913353124567,-0.14011524048625848,198.0,176.0,168.0
TP-1650,Tony,Pollard,Tony Pollard,RB,45.90000000000001,26,30.3,-3.7363636363636346,-0.14065708418891162,202.0,176.0,167.0
NF-0175,Noah,Fant,Noah Fant,TE,46.8,26,26.2,0.09090909090909348,0.003457814661134261,200.0,176.0,186.0
AM-1975,Anthony,Miller,Anthony Miller,WR,25.1,26,50.40000000000001,-24.018461538461548,-0.9104268719384186,279.0,176.0,91.0
TH-1875,T.J.,Hockenson,T.J. Hockenson,TE,46.90000000000001,25,1.8,23.781818181818185,0.929637526652452,199.0,181.0,420.0
CE-0175,Chase,Edmonds,Chase Edmonds,RB,70.0,25,0.8,24.33333333333333,0.9681697612732096,129.0,181.0,444.0
TB-2650,Teddy,Bridgewater,Teddy Bridgewater,QB,90.5,25,-0.03999999999999987,25.579171563675608,1.0015662215158494,79.0,181.0,601.0
KR-1200,Kyle,Rudolph,Kyle Rudolph,TE,57.1,25,17.599999999999994,8.071202125600998,0.31440686283841257,173.0,181.0,243.0
DF-0550,Darren,Fells,Darren Fells,TE,62.3,25,13.8,11.424471632129533,0.4529122274092621,160.0,181.0,274.0
CB-2775,Cameron,Brate,Cameron Brate,TE,34.4,25,20.7,4.353962938434531,0.17378340301426914,239.0,181.0,222.0
HH-0225,Hunter,Henry,Hunter Henry,TE,68.7,24,26.5,-1.6457627118644071,-0.06621658483360611,135.0,187.0,185.0
KC-1550,Keelan,Cole,Keelan Cole,WR,27.4,24,27.3,-2.8285714285714327,-0.11558669001751334,260.0,187.0,177.0
ZJ-0100,Zay,Jones,Zay Jones,WR,15.500000000000002,24,6.4,17.642857142857142,0.7338086749851456,328.0,187.0,351.0
DG-1287,Dallas,Goedert,Dallas Goedert,TE,47.7,24,39.0,-14.746153846153845,-0.6079923882017126,197.0,187.0,136.0
JS-0280,Jaylen,Samuels,Jaylen Samuels,RB,39.5,23,17.900000000000006,5.869230769230762,0.24692556634304175,222.0,191.0,238.0
DP-1263,Dante,Pettis,Dante Pettis,WR,23.54,23,0.0,23.547692307692305,1.0,288.0,191.0,478.0
AC-0237,Antonio,Callaway,Antonio Callaway,WR,8.9,23,0.0,23.123076923076926,1.0,380.0,191.0,478.0
BH-1900,Brian,Hoyer,Brian Hoyer,QB,21.48,23,-0.4,24.2374589052456,1.0167803120957652,301.0,191.0,607.0
MR-2350,Mason,Rudolph,Mason Rudolph,QB,100.84,23,11.06,12.210769230769232,0.5247256379743488,61.0,191.0,298.0
BW-0700,Benjamin,Watson,Benjamin Watson,TE,12.4,23,4.9,18.53221023233552,0.7908861370133068,352.0,191.0,372.0
DB-2950,Devontae,Booker,Devontae Booker,RB,1.7999999999999998,23,4.8,18.651724137931033,0.7953242170269078,471.0,191.0,376.0
TE-0300,Tyler,Eifert,Tyler Eifert,TE,35.30000000000001,23,28.3,-4.9410136297292055,-0.21152517285671613,235.0,191.0,171.0
RJ-2250,Ronald,Jones,Ronald Jones,RB,84.5,22,50.8,-28.13846153846153,-1.2416836388323147,92.0,199.0,88.0
JD-2550,Jack,Doyle,Jack Doyle,TE,45.6,22,23.200000000000006,-1.153983314417811,-0.0523443001461802,203.0,199.0,208.0
IS-0250,Ito,Smith,Ito Smith,RB,25.3,22,0.0,22.15384615384616,1.0,274.0,199.0,478.0
DN-1225,David,Njoku,David Njoku,TE,9.7,22,0.4,22.499999999999996,0.9825327510917032,371.0,199.0,462.0
DK-0950,Dawson,Knox,Dawson Knox,TE,40.8,22,10.9,11.954545454545455,0.5230708035003978,216.0,199.0,301.0
DA-0900,Danny,Amendola,Danny Amendola,WR,53.2,21,27.36,-5.418239475467954,-0.2469373170584956,180.0,204.0,176.0
FM-0675,Foster,Moreau,Foster Moreau,TE,38.2,21,9.2,11.8,0.5619047619047619,226.0,204.0,319.0
MS-0200,Matt,Schaub,Matt Schaub,QB,26.8,20,6.1000000000000005,14.657240906984015,0.706126646246728,266.0,206.0,355.0
KB-1625,Kendrick,Bourne,Kendrick Bourne,WR,43.1,20,24.700000000000006,-4.485714285714288,-0.22190812720848066,212.0,206.0,196.0
GE-0400,Gerald,Everett,Gerald Everett,TE,50.49999999999999,20,2.3,17.95714285714286,0.886459802538787,191.0,206.0,411.0
AM-0825,Alexander,Mattison,Alexander Mattison,RB,44.7,20,13.7,6.618181818181817,0.3257270693512304,210.0,206.0,275.0
TS-2425,Tre'Quan,Smith,Tre'Quan Smith,WR,14.8,20,38.6,-17.946153846153848,-0.8689013035381752,331.0,206.0,138.0
WS-0650,Wendell,Smallwood,Wendell Smallwood,RB,13.3,19,1.2,17.948275862068964,0.937331172339276,341.0,211.0,432.0
CC-2350,Corey,Clement,Corey Clement,RB,-4.0,19,0.0,19.642857142857142,1.0,615.0,211.0,478.0
RP-0550,Rashaad,Penny,Rashaad Penny,RB,24.1,19,45.2,-25.469230769230762,-1.2908382066276798,285.0,211.0,110.0
MG-1050,Marquise,Goodwin,Marquise Goodwin,WR,26.1,19,0.0,19.630788898590726,1.0,270.0,211.0,478.0
CC-3950,Chris,Conley,Chris Conley,WR,69.9,19,45.6,-25.69065591045031,-1.2903818325152765,131.0,211.0,109.0
WG-0050,Wayne,Gallman,Wayne Gallman,RB,37.1,19,0.1,19.685714285714287,0.9949458483754512,229.0,211.0,475.0
RM-5050,Raheem,Mostert,Raheem Mostert,RB,55.7,18,101.5,-83.34793157167627,-4.5916492602916605,175.0,217.0,16.0
RB-4670,Rex,Burkhead,Rex Burkhead,RB,38.4,18,35.7,-17.11227616644527,-0.9206224667247329,225.0,217.0,151.0
VM-0250,Vance,McDonald,Vance McDonald,TE,40.19999999999999,18,5.3,13.152513796053816,0.7127762613496359,221.0,217.0,368.0
RF-1075,Robert,Foster,Robert Foster,WR,2.0,18,7.3,10.72307692307692,0.594963721724285,461.0,217.0,340.0
NM-0687,Nick,Mullens,Nick Mullens,QB,-0.3,18,0.0,18.31142857142857,1.0,609.0,217.0,478.0
WD-0550,Will,Dissly,Will Dissly,TE,50.89999999999999,18,0.0,18.115384615384613,1.0,189.0,217.0,478.0
JW-6560,Jarius,Wright,Jarius Wright,WR,18.3,17,10.6,6.509836065573761,0.3804733160869978,315.0,223.0,304.0
MC-2900,Michael,Crabtree,Michael Crabtree,WR,2.2,17,0.0,17.357612424087588,1.0,457.0,223.0,478.0
CH-2950,Chris,Herndon,Chris Herndon,TE,0.7,17,0.0,17.284615384615385,1.0,504.0,223.0,478.0
JA-0275,Josh,Adams,Josh Adams,RB,0.6,17,0.6,16.823076923076922,0.9655629139072848,506.0,223.0,453.0
MB-3325,Miles,Boykin,Miles Boykin,WR,25.1,16,12.7,3.936363636363636,0.23661202185792346,279.0,227.0,287.0
DW-1350,DeAndre,Washington,DeAndre Washington,RB,31.5,16,54.40000000000001,-37.734482758620686,-2.2642251189737213,248.0,227.0,77.0
JR-1950,Josh,Reynolds,Josh Reynolds,WR,26.5,16,14.4,1.8714285714285768,0.11501316944688356,267.0,227.0,267.0
JR-3280,John,Ross,John Ross,WR,52.8,16,18.2,-1.6428571428571423,-0.09922346850733388,184.0,227.0,234.0
SR-0750,Seth,Roberts,Seth Roberts,WR,19.0,16,20.1,-3.295635853717549,-0.19611785516125144,311.0,227.0,225.0
JW-4975,Jeff,Wilson,Jeff Wilson,RB,40.50000000000001,16,3.4000000000000004,13.423076923076925,0.797896662094193,217.0,227.0,391.0
DH-1912,Dwayne,Haskins,Dwayne Haskins,QB,25.12,16,54.58,-38.129090909090905,-2.317749778956676,278.0,227.0,76.0
AB-3500,Antonio,Brown,Antonio Brown,WR,12.1,16,0.0,16.914833831787373,1.0,354.0,227.0,478.0
CR-1525,Chester,Rogers,Chester Rogers,WR,28.5,16,1.2,15.051724137931034,0.9261616804583068,255.0,227.0,432.0
JS-4550,Jonnu,Smith,Jonnu Smith,TE,35.7,15,36.0,-20.4,-1.3076923076923077,233.0,236.0,148.0
RS-0687,Ricky,Seals-Jones,Ricky Seals-Jones,TE,27.5,15,17.400000000000002,-2.2714285714285745,-0.15014164305949027,259.0,236.0,244.0
WS-0925,Willie,Snead,Willie Snead,WR,40.5,15,25.6,-9.62805427755648,-0.6028103554113196,218.0,236.0,188.0
CA-0750,C.J.,Anderson,C.J. Anderson,RB,4.3,15,0.0,15.329183177226124,1.0,425.0,236.0,478.0
JW-0934,James,Washington,James Washington,WR,40.9,15,50.6,-34.769230769230774,-2.1963070942662783,215.0,236.0,90.0
OJ-0050,Olabisi,Johnson,Olabisi Johnson,WR,34.5,15,13.5,2.1818181818181817,0.1391304347826087,238.0,236.0,278.0
KB-0150,Kalen,Ballage,Kalen Ballage,RB,35.2,15,2.6,13.069230769230769,0.8340697103583702,236.0,236.0,406.0
JA-0462,Jordan,Akins,Jordan Akins,TE,40.3,14,15.5,-1.007692307692306,-0.0695329087048831,219.0,243.0,252.0
IS-0275,Irv,Smith Jr.,Irv Smith Jr.,TE,32.1,14,11.0,3.590909090909092,0.2461059190031153,244.0,243.0,299.0
JB-6750,Jaron,Brown,Jaron Brown,WR,30.5,14,1.5,12.809433962264151,0.8951740506329113,252.0,243.0,426.0
NB-0450,Nick,Boyle,Nick Boyle,TE,33.0,14,11.1,3.3103718243482927,0.2297214717773602,242.0,243.0,294.0
RH-1950,Rashard,Higgins,Rashard Higgins,WR,11.5,14,0.0,14.68965517241379,1.0,357.0,243.0,478.0
TS-1262,Tajae,Sharpe,Tajae Sharpe,WR,31.4,14,25.5,-10.924137931034483,-0.7494677075940384,250.0,243.0,191.0
JW-3325,Jordan,Wilkins,Jordan Wilkins,RB,19.2,14,27.8,-13.192307692307693,-0.903106898367562,309.0,243.0,175.0
JJ-0575,Justin,Jackson,Justin Jackson,RB,16.9,14,5.300000000000002,8.7,0.6214285714285713,323.0,243.0,367.0
SS-1537,Steven,Sims Jr.,Steven Sims Jr.,WR,21.3,14,56.2,-41.309090909090905,-2.7741147741147745,302.0,243.0,73.0
CC-2100,Charles,Clay,Charles Clay,TE,16.900000000000002,14,12.8,2.1910949887997084,0.14615976954563628,322.0,243.0,286.0
ZP-0050,Zach,Pascal,Zach Pascal,WR,61.60000000000001,14,32.7,-18.21428571428572,-1.2573964497041423,162.0,243.0,160.0
JM-4162,Jakobi,Meyers,Jakobi Meyers,WR,17.9,13,18.0,-4.200000000000001,-0.3043478260869566,317.0,254.0,236.0
MM-4700,Matt,Moore,Matt Moore,QB,45.46,13,-0.2,13.589887544234164,1.0149366452361372,206.0,254.0,604.0
KC-2375,Keke,Coutee,Keke Coutee,WR,25.3,13,5.5,8.346153846153848,0.6027777777777777,274.0,254.0,364.0
DM-3050,David,Moore,David Moore,WR,20.1,13,24.5,-10.914285714285713,-0.8033648790746578,304.0,254.0,198.0
DR-2225,Demarcus,Robinson,Demarcus Robinson,WR,57.90000000000001,13,13.0,0.6169491525423716,0.045307443365695706,172.0,254.0,284.0
BJ-0950,Blake,Jarwin,Blake Jarwin,TE,43.5,13,13.0,0.17142857142857082,0.013015184381778695,211.0,254.0,284.0
JD-2850,Jeff,Driskel,Jeff Driskel,QB,45.52,13,12.579999999999998,0.9344827586206924,0.06914676464584629,204.0,254.0,289.0
RF-0450,Ryan,Finley,Ryan Finley,QB,14.18,13,10.48,2.970909090909089,0.22087050554203827,337.0,254.0,309.0
GA-0250,Geronimo,Allison,Geronimo Allison,WR,31.800000000000004,13,9.6,4.0137931034482754,0.2948328267477204,246.0,254.0,313.0
RG-1870,Ryan,Griffin,Ryan Griffin,TE,52.9,13,11.1,2.711320754716981,0.19631147540983604,183.0,254.0,294.0
TJ-2275,Ty,Johnson,Ty Johnson,RB,21.7,12,14.5,-1.5181818181818194,-0.1169467787114847,297.0,264.0,266.0
BS-2950,Benny,Snell Jr.,Benny Snell Jr.,RB,13.2,12,41.7,-28.881818181818186,-2.253191489361703,342.0,264.0,128.0
TH-1550,Tyler,Higbee,Tyler Higbee,TE,25.2,12,66.2,-54.15862068965518,-4.497709049255441,276.0,264.0,56.0
JG-2950,Jakeem,Grant,Jakeem Grant,WR,26.9,12,0.0,12.393103448275864,1.0,264.0,264.0,478.0
AT-0247,Auden,Tate,Auden Tate,WR,52.3,12,9.2,3.6769230769230803,0.28554360812425345,185.0,264.0,319.0
AI-0100,Andy,Isabella,Andy Isabella,WR,27.600000000000005,12,0.8,11.745454545454548,0.936231884057971,258.0,264.0,444.0
SP-0825,Samaje,Perine,Samaje Perine,RB,0.0,12,1.6,11.285714285714285,0.8758314855875832,524.0,264.0,423.0
ML-1500,Marcedes,Lewis,Marcedes Lewis,TE,12.999999999999998,12,8.6,4.215686937158583,0.32894740311854553,344.0,264.0,325.0
DH-3450,Devlin,Hodges,Devlin Hodges,QB,12.8,12,39.52000000000001,-27.18181818181819,-2.203065134099617,345.0,264.0,135.0
JM-2900,Josh,McCown,Josh McCown,QB,0.76,12,0.0,12.465832540961962,1.0,503.0,264.0,478.0
DW-3243,Darrel,Williams,Darrel Williams,RB,45.2,12,7.6,5.35555555555556,0.4133790737564325,208.0,264.0,334.0
TT-0150,Taywan,Taylor,Taywan Taylor,WR,0.0,12,0.0,12.285714285714285,1.0,524.0,264.0,478.0
ZZ-0100,Zach,Zenner,Zach Zenner,RB,1.7,11,0.0,11.408339576301136,1.0,474.0,276.0,478.0
RA-1337,Ryquell,Armstead,Ryquell Armstead,RB,21.7,11,15.5,-3.6636363636363662,-0.30952380952380976,297.0,276.0,252.0
JH-1350,Justin,Hardy,Justin Hardy,WR,10.8,11,8.7,2.6432432432432496,0.2330235882773414,361.0,276.0,323.0
KJ-0537,KeeSean,Johnson,KeeSean Johnson,WR,25.0,11,0.0,11.363636363636365,1.0,282.0,276.0,478.0
LW-1450,Luke,Willson,Luke Willson,TE,7.9,11,0.0,11.179245283018869,1.0,390.0,276.0,478.0
JM-3475,J.D.,McKissic,J.D. McKissic,WR,42.3,11,7.5,3.6931034482758616,0.3299445471349353,213.0,276.0,336.0
BB-2250,Brandon,Bolden,Brandon Bolden,RB,33.8,11,8.1,3.0672743116798955,0.2746663354075418,240.0,276.0,329.0
BP-1200,Bilal,Powell,Bilal Powell,RB,10.1,11,16.1,-4.827471818423137,-0.42825103123830427,368.0,276.0,248.0
DB-4387,Daniel,Brown,Daniel Brown,TE,8.0,10,5.2,5.786151244303569,0.5266768239062563,388.0,284.0,369.0
RJ-0450,Richie,James,Richie James,WR,22.5,10,-0.1,10.6,1.0095238095238095,294.0,284.0,602.0
HH-0350,Hayden,Hurst,Hayden Hurst,TE,25.2,10,23.7,-12.738461538461538,-1.1621052631578948,276.0,284.0,206.0
JM-1550,Jordan,Matthews,Jordan Matthews,WR,0.6,10,2.7,7.853349881244347,0.7441570657295745,506.0,284.0,403.0
MG-0325,Mike,Gesicki,Mike Gesicki,TE,27.4,10,57.6,-47.07692307692307,-4.473684210526316,260.0,284.0,72.0
JT-1775,Jordan,Thomas,Jordan Thomas,TE,0.0,10,0.8,9.7,0.9238095238095236,524.0,284.0,444.0
DH-1050,DaeSean,Hamilton,DaeSean Hamilton,WR,10.6,10,25.1,-14.276923076923078,-1.3191186922530207,363.0,284.0,193.0
IT-0150,Ian,Thomas,Ian Thomas,TE,0.0,10,19.6,-9.146153846153846,-0.8749080206033847,524.0,284.0,228.0
JH-4085,Justice,Hill,Justice Hill,RB,14.2,9,27.3,-18.08181818181818,-1.9615384615384612,336.0,292.0,177.0
SM-2653,Scott,Miller,Scott Miller,WR,16.1,9,11.5,-2.390909090909089,-0.2624750499001993,326.0,292.0,292.0
TQ-0100,Trey,Quinn,Trey Quinn,WR,25.5,9,0.0,9.0,1.0,273.0,292.0,478.0
TH-1625,Taysom,Hill,Taysom Hill,QB,38.99999999999999,9,46.2,-36.26285714285713,-3.6492236917768825,223.0,292.0,104.0
BF-0950,Bennie,Fowler,Bennie Fowler,WR,23.3,9,0.0,9.666666666666668,1.0,289.0,292.0,478.0
KH-0525,Kelvin,Harmon,Kelvin Harmon,WR,12.8,9,24.14,-14.812727272727267,-1.5881091617933718,345.0,292.0,203.0
SD-0534,Seth,DeValve,Seth DeValve,TE,6.8,9,7.2,1.9448275862068936,0.2126696832579183,403.0,292.0,343.0
JH-4070,Josh,Hill,Josh Hill,TE,22.8,9,17.8,-8.787196339308332,-0.9749681309083325,292.0,292.0,241.0
DH-2325,Darrell,Henderson,Darrell Henderson,RB,16.0,8,2.4,6.327272727272726,0.725,327.0,300.0,409.0
LK-0200,Lance,Kendricks,Lance Kendricks,TE,5.0,8,0.0,8.290852286108096,1.0,417.0,300.0,478.0
AE-1037,Alex,Erickson,Alex Erickson,WR,35.099999999999994,8,18.14,-9.5848275862069,-1.1203546956872237,237.0,300.0,235.0
CM-2675,Chris,Moore,Chris Moore,WR,2.1,8,0.0,8.668965517241379,1.0,459.0,300.0,478.0
LT-0550,Levine,Toilolo,Levine Toilolo,TE,1.0,8,0.0,8.807547169811322,1.0,488.0,300.0,478.0
IM-0125,Isaiah,McKenzie,Isaiah McKenzie,WR,24.8,8,11.5,-3.1285714285714303,-0.3737201365187716,283.0,300.0,292.0
QO-0200,Qadree,Ollison,Qadree Ollison,RB,7.1,8,22.6,-13.98181818181818,-1.6223628691983123,399.0,300.0,213.0
PP-0350,Paul,Perkins,Paul Perkins,RB,3.8,8,0.0,8.193103448275862,1.0,429.0,300.0,478.0
CP-2550,C.J.,Prosise,C.J. Prosise,RB,14.7,7,4.1,3.513793103448277,0.4615036231884059,333.0,308.0,385.0
AS-0775,Adam,Shaheen,Adam Shaheen,TE,9.4,7,0.0,7.557142857142857,1.0,375.0,308.0,478.0
TS-1425,Trent,Sherfield,Trent Sherfield,WR,8.0,7,0.0,7.777777777777778,1.0,388.0,308.0,478.0
DH-3137,Dontrell,Hilliard,Dontrell Hilliard,RB,25.7,7,0.4,7.492307692307692,0.949317738791423,272.0,308.0,462.0
NV-0050,Nick,Vannett,Nick Vannett,TE,10.1,7,6.5,1.4241379310344833,0.179721496953873,368.0,308.0,349.0
TC-0325,Trenton,Cannon,Trenton Cannon,RB,0.0,7,0.0,7.315384615384613,1.0,524.0,308.0,478.0
DT-0850,De'Anthony,Thomas,De'Anthony Thomas,WR,1.0,7,0.0,7.326840979541865,1.0,488.0,308.0,478.0
BH-1225,Brian,Hill,Brian Hill,RB,28.3,7,28.90000000000001,-21.728571428571435,-3.0298804780876507,256.0,308.0,169.0
MH-0225,Marvin,Hall,Marvin Hall,WR,32.7,7,2.1,5.100000000000003,0.7083333333333335,243.0,308.0,413.0
MW-0650,Mark,Walton,Mark Walton,RB,27.0,7,0.0,7.961538461538463,1.0,263.0,308.0,478.0
AM-2850,Alfred,Morris,Alfred Morris,RB,0.4,6,0.0,6.908714160218384,1.0,512.0,318.0,478.0
VS-0175,Vyncint,Smith,Vyncint Smith,WR,12.7,6,13.4,-6.984615384615383,-1.0887290167865704,348.0,318.0,279.0
JJ-0725,Jesse,James,Jesse James,TE,6.4,6,7.8,-0.8917339913323206,-0.12908217347355727,408.0,318.0,333.0
LT-0862,Laquon,Treadwell,Laquon Treadwell,WR,8.4,6,18.0,-11.277966101694913,-1.6777609682299537,383.0,318.0,236.0
MH-3050,Mack,Hollins,Mack Hollins,WR,12.5,6,0.0,6.1571428571428575,1.0,349.0,318.0,478.0
RS-3525,Ryan,Switzer,Ryan Switzer,WR,2.7,6,0.0,6.385714285714287,1.0,445.0,318.0,478.0
MW-2450,Maxx,Williams,Maxx Williams,TE,19.9,6,6.3,0.05489420478346218,0.008638098922581931,305.0,318.0,353.0
TJ-2350,T.J.,Jones,T.J. Jones,WR,9.8,6,0.0,6.626771024088742,1.0,370.0,318.0,478.0
TP-0675,Tim,Patrick,Tim Patrick,WR,7.7,6,14.1,-7.685714285714285,-1.198218262806236,394.0,318.0,271.0
CU-0150,C.J.,Uzomah,C.J. Uzomah,TE,11.7,6,24.5,-17.936497661759297,-2.7327632013256875,356.0,318.0,198.0
DL-1700,Dion,Lewis,Dion Lewis,RB,15.299999999999995,6,26.0,-19.63385384798101,-3.0841035344050733,330.0,318.0,187.0
DH-1450,Demetrius,Harris,Demetrius Harris,TE,23.200000000000006,6,11.7,-5.150943396226415,-0.7865168539325843,291.0,318.0,291.0
AL-0387,Allen,Lazard,Allen Lazard,WR,28.0,6,39.8,-33.176923076923075,-5.0092915214866425,257.0,318.0,134.0
AF-0550,Anthony,Firkser,Anthony Firkser,TE,19.1,6,7.3,-0.5,-0.07352941176470587,310.0,318.0,340.0
MA-1287,Marcell,Ateman,Marcell Ateman,WR,7.0,6,2.6,3.9538461538461536,0.6032863849765258,401.0,318.0,406.0
DW-1550,Dwayne,Washington,Dwayne Washington,RB,4.4,6,2.2,4.451724137931037,0.6692586832555729,424.0,318.0,412.0
JH-4850,Jacob,Hollister,Jacob Hollister,TE,31.7,5,21.200000000000006,-15.257142857142863,-2.567307692307694,247.0,334.0,220.0
CP-0750,Cordarrelle,Patterson,Cordarrelle Patterson,WR,17.700000000000006,5,6.9,-1.6388656334424718,-0.31150423449740106,319.0,334.0,346.0
JS-5475,Jeremy,Sprinkle,Jeremy Sprinkle,TE,21.6,5,8.5,-2.928571428571429,-0.5256410256410257,299.0,334.0,327.0
AJ-0375,Andy,Janovich,Andy Janovich,RB,10.3,5,0.0,5.4206896551724135,1.0,366.0,334.0,478.0
JH-5125,Johnny,Holton,Johnny Holton,WR,3.1,5,-0.1,5.127586206896551,1.0198902606310014,438.0,334.0,602.0
DJ-0887,D'Ernest,Johnson,D'Ernest Johnson,RB,9.2,5,0.0,5.0181818181818185,1.0,378.0,334.0,478.0
PL-0012,Patrick,Laird,Patrick Laird,RB,7.699999999999998,5,37.5,-32.20909090909091,-6.087628865979383,395.0,334.0,142.0
DR-0550,Damion,Ratley,Damion Ratley,WR,10.3,5,17.7,-12.0,-2.1052631578947367,366.0,334.0,242.0
PC-0625,Pharoh,Cooper,Pharoh Cooper,WR,21.9,4,8.6,-4.176271186440678,-0.9440613026819924,296.0,342.0,325.0
DG-3200,Derrius,Guice,Derrius Guice,RB,18.7,4,33.7,-29.384615384615394,-6.809269162210339,313.0,342.0,154.0
RB-2350,Reggie,Bonnafon,Reggie Bonnafon,RB,19.3,4,6.0,-1.546153846153846,-0.3471502590673575,307.0,342.0,358.0
CW-2450,Chad,Williams,Chad Williams,WR,0.0,4,0.0,4.342857142857143,1.0,524.0,342.0,478.0
EP-0350,Elijhaa,Penny,Elijhaa Penny,RB,4.8,4,0.0,4.189655172413794,1.0,421.0,342.0,478.0
MB-0450,Matt,Barkley,Matt Barkley,QB,3.08,4,2.879999999999999,1.1398339001753026,0.2835524871128619,439.0,342.0,401.0
DW-3987,Damion,Willis,Damion Willis,WR,8.2,4,0.0,4.4727272727272736,1.0,387.0,342.0,478.0
CC-4450,Cody,Core,Cody Core,WR,2.8,4,0.0,4.841379310344827,1.0,442.0,342.0,478.0
TD-0737,Trevor,Davis,Trevor Davis,WR,24.4,4,-2.0,6.044827586206898,1.494458653026428,284.0,342.0,612.0
KD-1456,Keelan,Doss,Keelan Doss,WR,7.9,4,5.4,-1.0909090909090908,-0.2531645569620253,390.0,342.0,365.0
MA-0487,Mo,Alie-Cox,Mo Alie-Cox,TE,4.9,4,4.4,-0.08571428571428541,-0.0198675496688741,419.0,342.0,380.0
RD-2300,Ross,Dwelley,Ross Dwelley,TE,18.6,4,2.5,2.115384615384616,0.4583333333333334,314.0,342.0,408.0
RI-0500,Ryan,Izzo,Ryan Izzo,TE,17.400000000000002,4,0.0,4.015384615384615,1.0,320.0,342.0,478.0
RG-0025,Russell,Gage,Russell Gage,WR,13.599999999999998,4,36.2,-31.607692307692304,-6.882747068676715,340.0,342.0,146.0
KS-1375,Kaden,Smith,Kaden Smith,TE,0.1,4,44.7,-40.445454545454545,-9.506410256410255,521.0,342.0,115.0
DO-0025,Dare,Ogunbowale,Dare Ogunbowale,RB,29.7,4,10.6,-6.357142857142858,-1.4983164983164987,254.0,342.0,304.0
AI-0050,Alec,Ingold,Alec Ingold,RB,8.3,4,3.8,0.7272727272727271,0.16064257028112444,385.0,342.0,387.0
GC-0350,Garrett,Celek,Garrett Celek,TE,0.0,4,0.0,4.892262735533099,1.0,524.0,342.0,478.0
SC-0175,Stephen,Carlson,Stephen Carlson,TE,6.8,4,4.3,-0.15454545454545432,-0.037280701754385914,403.0,342.0,383.0
JA-1975,J.J.,Arcega-Whiteside,J.J. Arcega-Whiteside,WR,4.3,4,18.6,-13.90909090909091,-2.9651162790697683,425.0,342.0,232.0
BP-1375,Byron,Pringle,Byron Pringle,WR,21.6,4,1.4,3.4,0.7083333333333334,299.0,342.0,427.0
TE-0025,Trey,Edmunds,Trey Edmunds,RB,8.8,3,5.2,-2.114285714285714,-0.6851851851851849,381.0,363.0,369.0
DJ-0850,Darius,Jennings,Darius Jennings,WR,1.7000000000000002,3,0.0,3.0728978077151585,1.0,473.0,363.0,478.0
RT-1250,Robert,Tonyan Jr.,Robert Tonyan Jr.,TE,6.6,3,9.4,-6.2142857142857135,-1.9506726457399104,405.0,363.0,315.0
AA-0557,Alex,Armah,Alex Armah,RB,7.5,3,0.2,2.8714285714285714,0.9348837209302324,396.0,363.0,471.0
LS-1550,Lee,Smith,Lee Smith,TE,9.1,3,0.0,3.5005284194292767,1.0,379.0,363.0,478.0
NO-0150,Nick,O'Leary,Nick O'Leary,TE,3.7,3,13.2,-10.157195064482355,-3.3381025993223594,433.0,363.0,282.0
BS-1450,Boston,Scott,Boston Scott,RB,13.9,3,59.0,-55.7923076923077,-17.39328537170264,339.0,363.0,70.0
JK-2250,Jake,Kumerow,Jake Kumerow,WR,22.3,3,5.6000000000000005,-1.719384801039324,-0.4430701610146292,295.0,363.0,363.0
MJ-1450,Marcus,Johnson,Marcus Johnson,WR,10.7,3,31.0,-27.772413793103446,-8.604700854700855,362.0,363.0,165.0
AC-0387,Austin,Carr,Austin Carr,WR,0.9,3,0.0,3.2285714285714286,1.0,494.0,363.0,478.0
DB-5912,Deontay,Burnett,Deontay Burnett,WR,0.0,3,4.8,-1.4999999999999996,-0.4545454545454544,524.0,363.0,376.0
MT-2350,Malik,Turner,Malik Turner,WR,15.3,3,15.2,-11.207692307692305,-2.8073217726396917,329.0,363.0,258.0
CH-0525,C.J.,Ham,C.J. Ham,RB,12.5,3,8.1,-4.449152542372881,-1.2186629526462391,349.0,363.0,329.0
TM-3150,Ty,Montgomery,Ty Montgomery,RB,8.3,3,11.0,-7.034099313142791,-1.7736448460379846,385.0,363.0,299.0
PR-0125,Patrick,Ricard,Patrick Ricard,RB,10.5,3,0.2,3.185714285714285,0.9409282700421941,364.0,363.0,471.0
CW-0225,Clive,Walford,Clive Walford,TE,0.8,3,4.9,-1.1856983308639617,-0.319225102451024,501.0,363.0,372.0
LS-1900,Luke,Stocker,Luke Stocker,TE,3.4000000000000004,3,1.9,2.0608695652173896,0.5203073545554334,434.0,363.0,417.0
DA-1650,Dan,Arnold,Dan Arnold,TE,2.5,3,22.2,-18.920930232558142,-5.770212765957448,448.0,363.0,214.0
BA-0375,Brandon,Allen,Brandon Allen,QB,31.42,3,2.08,1.1703448275862067,0.3600678973053257,249.0,363.0,416.0
JW-5475,Javon,Wims,Javon Wims,WR,14.1,3,10.5,-6.507692307692308,-1.6300578034682078,338.0,363.0,308.0
CD-0300,Chase,Daniel,Chase Daniel,QB,26.0,3,0.0,3.15800588613516,1.0,271.0,363.0,478.0
DC-0775,Derek,Carrier,Derek Carrier,TE,10.4,2,9.1,-6.216295239963465,-2.1556628563753204,365.0,384.0,322.0
JW-4625,Jonathan,Williams,Jonathan Williams,RB,14.8,2,20.6,-17.879310344827584,-6.571609632446137,331.0,384.0,223.0
LT-0275,Logan,Thomas,Logan Thomas,TE,9.6,2,13.7,-11.110666666666665,-4.290937178166837,373.0,384.0,275.0
CB-1152,Chad,Beebe,Chad Beebe,WR,7.0,2,0.0,2.4222222222222225,1.0,401.0,384.0,478.0
JK-0775,John,Kelly,John Kelly,RB,0.9,2,0.0,2.5384615384615388,1.0,494.0,384.0,478.0
AS-0900,Anthony,Sherman,Anthony Sherman,RB,2.4,2,0.7,2.1127130953818742,0.7511299673083212,451.0,384.0,450.0
BW-2475,Bobo,Wilson,Bobo Wilson,WR,1.5,2,0.0,2.185714285714286,1.0,477.0,384.0,478.0
MP-2350,MyCole,Pruitt,MyCole Pruitt,TE,0.0,2,15.0,-12.091534062107234,-4.157357975066321,524.0,384.0,259.0
PD-0700,Patrick,DiMarco,Patrick DiMarco,RB,4.800000000000002,2,0.0,2.8608695652173908,1.0,420.0,384.0,478.0
JM-4175,Jaydon,Mickens,Jaydon Mickens,WR,0.0,2,0.0,2.4517241379310346,1.0,524.0,384.0,478.0
JO-0550,Jamize,Olawale,Jamize Olawale,RB,0.0,2,0.0,2.1276810546422835,1.0,524.0,384.0,478.0
BS-0825,Bo,Scarbrough,Bo Scarbrough,RB,11.5,2,30.7,-28.04615384615385,-10.568115942028983,357.0,384.0,166.0
DS-3031,Devin,Smith,Devin Smith,WR,19.3,2,0.0,2.9837837837837853,1.0,307.0,384.0,478.0
TC-2375,Tyler,Conklin,Tyler Conklin,TE,2.8,2,3.0,-0.6666666666666665,-0.28571428571428564,442.0,384.0,398.0
DW-1750,Derek,Watt,Derek Watt,RB,3.8,2,6.4,-4.3966101694915265,-2.1945854483925546,429.0,384.0,351.0
TS-3656,Tommy,Sweeney,Tommy Sweeney,TE,3.8,2,7.6,-5.5272727272727264,-2.6666666666666665,429.0,384.0,334.0
JH-4250,Jonathan,Hilliman,Jonathan Hilliman,RB,5.199999999999998,2,0.0,2.8363636363636364,1.0,416.0,384.0,478.0
KW-0922,Kerrith,Whyte Jr.,Kerrith Whyte Jr.,RB,0.0,2,13.1,-10.754545454545452,-4.5852713178294575,524.0,384.0,283.0
DS-0850,Dalton,Schultz,Dalton Schultz,TE,0.6,2,0.0,2.8153846153846147,1.0,506.0,384.0,478.0
MT-0887,Mike,Thomas,Mike Thomas,WR,0.9,1,0.5,0.7310344827586206,0.5938375350140056,494.0,403.0,458.0
MB-5175,Mike,Burton,Mike Burton,RB,0.0,1,0.0,1.0054053740931015,1.0,524.0,403.0,478.0
TB-2775,Tony,Brooks-James,Tony Brooks-James,RB,2.7,1,0.0,1.2272727272727275,1.0,445.0,403.0,478.0
JM-5750,Jason,Moore,Jason Moore,WR,4.3,1,0.0,1.9545454545454544,1.0,425.0,403.0,478.0
TJ-2400,Taiwan,Jones,Taiwan Jones,RB,0.0,1,4.9,-2.905276966726457,-1.4564813852671072,524.0,403.0,372.0
TF-1500,Troy,Fumagalli,Troy Fumagalli,TE,7.9,1,1.9,-0.07692307692307665,-0.04219409282700407,390.0,403.0,417.0
JP-2075,Josh,Perkins,Josh Perkins,TE,0.0,1,14.7,-12.951724137931034,-7.408284023668639,524.0,403.0,263.0
AA-0581,Antony,Auclair,Antony Auclair,TE,1.1,1,0.0,1.2000000000000002,1.0,486.0,403.0,478.0
JF-1250,Josh,Ferguson,Josh Ferguson,RB,0.0,1,0.9,0.9310344827586208,0.5084745762711865,524.0,403.0,441.0
LF-0025,Luke,Falk,Luke Falk,QB,8.64,1,0.0,1.9938461538461536,1.0,382.0,403.0,478.0
TP-1950,Troymaine,Pope,Troymaine Pope,RB,9.4,1,-2.0,3.4542372881355936,2.375291375291375,375.0,403.0,612.0
JG-2687,Jaeden,Graham,Jaeden Graham,TE,5.5,1,15.4,-14.130769230769227,-11.133333333333333,412.0,403.0,255.0
DJ-1325,David,Johnson,David Johnson,RB,90.5,1,15.0,-13.987276782120002,-13.811549429468505,79.0,403.0,259.0
DY-0075,Deon,Yelder,Deon Yelder,TE,5.0,1,0.0,1.1111111111111112,1.0,417.0,403.0,478.0
AM-1150,A.J.,McCarron,A.J. McCarron,QB,0.0,1,17.9,-16.830118267189576,-15.73082122168709,524.0,403.0,239.0
DF-1375,D.J.,Foster,D.J. Foster,RB,0.0,1,0.0,1.810169491525424,1.0,524.0,403.0,478.0
DC-0025,Deon,Cain,Deon Cain,WR,5.2,1,7.2,-6.0,-4.999999999999999,414.0,403.0,343.0
CW-3250,Cedrick,Wilson,Cedrick Wilson,WR,4.6,1,0.0,1.061538461538461,1.0,423.0,403.0,478.0
BB-2712,Ben,Braunecker,Ben Braunecker,TE,11.0,1,0.9,1.0965517241379312,0.5492227979274612,360.0,403.0,441.0
MB-2950,Mike,Boone,Mike Boone,RB,2.8,1,44.2,-42.51111111111111,-25.171052631578945,442.0,403.0,117.0
AB-1125,Andrew,Beck,Andrew Beck,RB,1.0,1,14.54,-13.012727272727272,-8.520238095238097,488.0,403.0,265.0
DV-0550,Dan,Vitale,Dan Vitale,RB,9.7,1,0.3,1.2,0.7999999999999999,371.0,403.0,469.0
DS-3137,Durham,Smythe,Durham Smythe,TE,2.4,1,4.1,-2.392307692307692,-1.4009009009009006,451.0,403.0,385.0
DW-2850,D'haquille,Williams,D'haquille Williams,WR,11.8,1,10.8,-9.579310344827586,-7.847457627118644,355.0,403.0,303.0
DC-1050,DeAndre,Carter,DeAndre Carter,WR,3.3,1,10.9,-9.243025941496796,-5.578256276290952,435.0,403.0,301.0
JO-0562,Josh,Oliver,Josh Oliver,TE,1.5,0,0.0,0.0,,477.0,428.0,478.0
NW-0325,Nsimba,Webster,Nsimba Webster,WR,0.0,0,0.0,0.0,,524.0,428.0,478.0
PW-1150,Preston,Williams,Preston Williams,WR,58.8,0,0.0,0.0,,169.0,428.0,478.0
JS-6325,Jace,Sternberger,Jace Sternberger,TE,0.0,0,0.0,0.0,,524.0,428.0,478.0
JW-1050,Justin,Watson,Justin Watson,WR,1.3,0,26.6,-26.184615384615388,-63.03703703703703,481.0,428.0,183.0
DS-0150,Deebo,Samuel,Deebo Samuel,WR,63.1,0,71.1,-71.1,-inf,158.0,428.0,50.0
SM-2825,Steven,Mitchell,Steven Mitchell,WR,0.0,0,3.7,-3.7,-inf,524.0,428.0,388.0
LH-1950,Lil'Jordan,Humphrey,Lil'Jordan Humphrey,WR,0.0,0,0.0,0.0,,524.0,428.0,478.0
ZG-0012,Zach,Gentry,Zach Gentry,TE,0.0,0,0.4,-0.4,-inf,524.0,428.0,462.0
JF-1900,Joe,Flacco,Joe Flacco,QB,85.88,0,0.0,0.0,,88.0,428.0,478.0
AH-3450,Alexander,Hollins,Alexander Hollins,WR,0.0,0,4.6,-4.6,-inf,524.0,428.0,379.0
AD-1587,Ashton,Dulin,Ashton Dulin,WR,0.0,0,1.7000000000000002,-1.7000000000000002,-inf,524.0,428.0,421.0
TF-1450,Travis,Fulgham,Travis Fulgham,WR,0.0,0,0.0,0.0,,524.0,428.0,478.0
NH-0825,N'Keal,Harry,N'Keal Harry,WR,1.8,0,25.6,-25.6,-inf,468.0,428.0,188.0
DB-3800,Drew,Brees,Drew Brees,QB,77.84,0,149.92000000000004,-149.92000000000004,-inf,110.0,428.0,1.0
PC-0050,Parris,Campbell,Parris Campbell,WR,18.9,0,1.2,-1.2,-inf,312.0,428.0,432.0
DH-1487,Deonte,Harris,Deonte Harris,WR,6.0,0,3.5,-3.5,-inf,409.0,428.0,390.0
GD-0450,Greg,Dortch,Greg Dortch,WR,0.0,0,-2.0,2.0,inf,524.0,428.0,612.0
RG-0012,Rico,Gafford,Rico Gafford,WR,0.0,0,14.6,-14.6,-inf,524.0,428.0,264.0
KH-2025,Khadarel,Hodge,Khadarel Hodge,WR,1.0,0,4.699999999999998,-4.076923076923077,-6.54320987654321,488.0,428.0,378.0
OZ-0100,Olamide,Zaccheaus,Olamide Zaccheaus,WR,0.0,0,19.5,-19.5,-inf,524.0,428.0,229.0
DS-2275,Darius,Slayton,Darius Slayton,WR,69.4,0,54.6,-54.6,-inf,133.0,428.0,75.0
JH-5350,Jesper,Horsted,Jesper Horsted,TE,0.0,0,12.7,-12.48181818181818,-57.20833333333332,524.0,428.0,287.0
CG-1015,Cullen,Gillaspia,Cullen Gillaspia,RB,0.0,0,0.0,0.0,,524.0,428.0,478.0
HH-0237,Hale,Hentges,Hale Hentges,TE,1.3,0,15.0,-14.290909090909093,-20.153846153846157,481.0,428.0,259.0
CM-1500,Colt,McCoy,Colt McCoy,QB,4.16,0,0.0,0.0,,428.0,428.0,478.0
MG-0293,Myles,Gaskin,Myles Gaskin,RB,0.0,0,24.4,-23.472727272727276,-25.31372549019608,524.0,428.0,200.0
WG-0750,Will,Grier,Will Grier,QB,0.0,0,1.3200000000000005,-1.3200000000000005,-inf,524.0,428.0,429.0
KB-1225,Khari,Blasingame,Khari Blasingame,RB,0.0,0,5.4,-5.4,-inf,524.0,428.0,365.0
JG-4200,Jalen,Guyton,Jalen Guyton,WR,0.0,0,0.0,0.0,,524.0,428.0,478.0
JS-0825,Jordan,Scarlett,Jordan Scarlett,RB,0.9,0,0.0,0.4909090909090909,1.0,494.0,428.0,478.0
JJ-2518,Jakob,Johnson,Jakob Johnson,RB,0.5,0,0.0,0.0,,509.0,428.0,478.0
BR-1100,Ben,Roethlisberger,Ben Roethlisberger,QB,12.739999999999998,0,0.0,0.0,,347.0,428.0,478.0
CN-0500,Cam,Newton,Cam Newton,QB,16.68,0,0.0,0.0,,325.0,428.0,478.0
DT-1231,Darwin,Thompson,Darwin Thompson,RB,1.8000000000000005,0,21.3,-20.481818181818177,-25.03333333333332,467.0,428.0,219.0
SM-3250,Stanley,Morgan Jr.,Stanley Morgan Jr.,WR,1.7999999999999998,0,0.0,0.9818181818181816,1.0,471.0,428.0,478.0
DS-2177,Devin,Singletary,Devin Singletary,RB,67.9,0,50.99999999999999,-50.99999999999999,-inf,138.0,428.0,87.0
SS-0650,Spencer,Schnell,Spencer Schnell,WR,0.0,0,0.0,0.0,,524.0,428.0,478.0
DO-0600,Devine,Ozigbo,Devine Ozigbo,RB,0.0,0,5.0,-5.0,-inf,524.0,428.0,371.0
TT-0500,Tyrod,Taylor,Tyrod Taylor,QB,0.18000000000000002,0,5.84,-5.7990848910715,-141.73455828274982,519.0,428.0,361.0
IH-0200,Ishmael,Hyman,Ishmael Hyman,WR,0.0,0,3.4,-3.4,-inf,524.0,428.0,393.0
DW-3906,Dexter,Williams,Dexter Williams,RB,0.2,0,0.9,-0.7909090909090909,-7.249999999999999,517.0,428.0,441.0
TH-2337,Travis,Homer,Travis Homer,RB,0.0,0,17.0,-17.0,-inf,524.0,428.0,245.0
TM-2362,Trace,McSorley,Trace McSorley,QB,0.0,0,0.1,-0.1,-inf,524.0,428.0,475.0
JS-4212,Jeff,Smith,Jeff Smith,WR,0.0,0,1.2,-1.2,-inf,524.0,428.0,432.0
RR-0650,Riley,Ridley,Riley Ridley,WR,0.0,0,6.9,-6.9,-inf,524.0,428.0,346.0
RG-1885,Ryan,Griffin,Ryan Griffin,QB,0.0,0,0.62,-0.62,-inf,524.0,428.0,452.0
DS-0050,Drew,Sample,Drew Sample,TE,3.0,0,0.0,0.0,,440.0,428.0,478.0
DB-2750,David,Blough,David Blough,QB,0.0,0,55.36,-55.36,-inf,524.0,428.0,74.0
JW-5637,Juwann,Winfree,Juwann Winfree,WR,0.0,0,0.0,0.0,,524.0,428.0,478.0
DH-1362,Damien,Harris,Damien Harris,RB,1.2,0,0.0,0.6545454545454545,1.0,483.0,428.0,478.0
GO-0150,Gunner,Olszewski,Gunner Olszewski,WR,1.4,0,0.0,0.0,,479.0,428.0,478.0
CJ-2075,Charles,Jones,Charles Jones,TE,0.0,0,0.5,-0.5,-inf,524.0,428.0,458.0
NF-0250,Nick,Foles,Nick Foles,QB,26.84,0,13.900000000000002,-13.900000000000002,-inf,265.0,428.0,273.0
DL-1787,Drew,Lock,Drew Lock,QB,0.0,0,68.0,-68.0,-inf,524.0,428.0,51.0
CK-0250,Case,Keenum,Case Keenum,QB,78.91999999999999,0,26.56,-26.56,-inf,106.0,428.0,184.0
WH-0762,Wes,Hills,Wes Hills,RB,0.0,0,14.2,-14.2,-inf,524.0,428.0,270.0
JS-6787,Jarrett,Stidham,Jarrett Stidham,QB,-1.64,0,0.0,-0.8945454545454545,1.0,612.0,428.0,478.0
TW-1325,Trevon,Wesco,Trevon Wesco,RB,1.7,0,3.2,-2.272727272727273,-2.4509803921568634,474.0,428.0,394.0
AT-0160,Alex,Tanney,Alex Tanney,QB,0.0,0,0.04,0.3514754098360656,0.8978224455611391,524.0,428.0,477.0
MS-4100,Matthew,Stafford,Matthew Stafford,QB,170.56,0,0.0,0.0,,16.0,428.0,478.0
JU-0400,John,Ursua,John Ursua,WR,0.0,0,1.1,-1.1,-inf,524.0,428.0,437.0
IN-0050,Isaac,Nauta,Isaac Nauta,TE,0.0,0,1.3,-1.3,-inf,524.0,428.0,430.0
DS-1862,Darrius,Shepherd,Darrius Shepherd,WR,-1.9,0,0.0,0.0,,613.0,428.0,478.0
DD-0681,Dalyn,Dawkins,Dalyn Dawkins,RB,0.2,0,2.4,-2.3538461538461544,-51.0,517.0,428.0,409.0
DS-0875,Da'Mari,Scott,Da'Mari Scott,WR,0.0,0,2.7,-2.7,-inf,524.0,428.0,403.0
DD-0075,Darrell,Daniels,Darrell Daniels,TE,0.4,0,0.0,0.4186046511627906,1.0,512.0,428.0,478.0
ES-0250,Eric,Saubert,Eric Saubert,TE,0.0,0,2.1,-1.4142857142857144,-2.0625,524.0,428.0,413.0
JM-6775,Johnny,Mundt,Johnny Mundt,TE,0.9,0,1.7,-1.5,-7.5,494.0,428.0,422.0
PB-0725,Pharaoh,Brown,Pharaoh Brown,TE,2.7,0,0.0,0.3857142857142858,1.0,445.0,428.0,478.0
SC-1850,Sean,Culkin,Sean Culkin,TE,1.2,0,0.0,0.5023255813953488,1.0,483.0,428.0,478.0
TS-3662,Tyrone,Swoopes,Tyrone Swoopes,TE,0.0,0,0.5,-0.17142857142857149,-0.5217391304347829,524.0,428.0,458.0
TH-2875,Tanner,Hudson,Tanner Hudson,TE,1.2,0,1.4,-1.1230769230769229,-4.055555555555556,483.0,428.0,427.0
DJ-0200,DeSean,Jackson,DeSean Jackson,WR,31.9,0,0.0,0.0,,245.0,428.0,478.0
MS-2100,Matthew,Slater,Matthew Slater,WR,0.0,0,0.0,-0.00967741935483872,1.0,524.0,428.0,478.0
AR-1100,Andre,Roberts,Andre Roberts,WR,2.0,0,0.7,-0.7,-inf,461.0,428.0,450.0
TY-0150,T.J.,Yeldon,T.J. Yeldon,RB,12.5,0,4.2,-3.805358831482609,-9.642579474865183,349.0,428.0,384.0
CH-3350,Chris,Hogan,Chris Hogan,WR,2.4,0,4.300000000000002,-4.300000000000002,-inf,451.0,428.0,382.0
CC-0775,Cethan,Carter,Cethan Carter,TE,0.0,0,7.3,-7.3,-inf,524.0,428.0,340.0
DH-1800,Dwayne,Harris,Dwayne Harris,WR,0.7,0,0.0,0.0,,504.0,428.0,478.0
TC-2050,Tevin,Coleman,Tevin Coleman,RB,94.3,0,22.1,-22.1,-inf,71.0,428.0,215.0
AJ-0430,Alshon,Jeffery,Alshon Jeffery,WR,59.5,0,19.7,-19.7,-inf,165.0,428.0,227.0
JB-2950,Josh,Bellamy,Josh Bellamy,WR,2.0,0,0.0,0.0,,461.0,428.0,478.0
JG-2450,Josh,Gordon,Josh Gordon,WR,37.50000000000001,0,9.2,-9.2,-inf,228.0,428.0,319.0
MB-3862,Malcolm,Brown,Malcolm Brown,RB,36.9,0,20.2,-20.2,-inf,230.0,428.0,224.0
TB-1060,Travis,Benjamin,Travis Benjamin,WR,3.0,0,0.0,0.0,,440.0,428.0,478.0
TH-1850,T.Y.,Hilton,T.Y. Hilton,WR,66.0,0,14.1,-14.1,-inf,149.0,428.0,271.0
AT-0350,Adam,Thielen,Adam Thielen,WR,81.2,0,3.2,-3.2,-inf,101.0,428.0,394.0
JA-0450,Jay,Ajayi,Jay Ajayi,RB,0.0,0,3.0,-3.267242090988309,12.225776556774676,524.0,428.0,398.0
RS-0975,Russell,Shepard,Russell Shepard,WR,2.5,0,0.0,0.0,,448.0,428.0,478.0
AA-0025,Ameer,Abdullah,Ameer Abdullah,RB,12.2,0,12.1,-12.404930647423495,40.681154066469546,353.0,428.0,290.0
TA-1050,Tavon,Austin,Tavon Austin,WR,19.4,0,17.0,-17.0,-inf,306.0,428.0,245.0
DI-0075,Dontrelle,Inman,Dontrelle Inman,WR,13.2,0,4.9,-4.9,-inf,342.0,428.0,372.0
JS-1350,Jaleel,Scott,Jaleel Scott,WR,0.0,0,0.6,-0.6,-inf,524.0,428.0,453.0
JV-0050,Jason,Vander Laan,Jason Vander Laan,TE,0.0,0,0.0,0.0,,524.0,428.0,478.0
TK-0850,Tyler,Kroft,Tyler Kroft,TE,3.2,0,9.4,-9.4,-inf,436.0,428.0,315.0
DT-1992,De'Lance,Turner,De'Lance Turner,RB,0.0,0,0.6,-0.11538461538461542,-0.2380952380952382,524.0,428.0,453.0
GH-1162,Gregory,Howell,Gregory Howell,RB,0.5,0,0.5,-0.3846153846153846,-3.333333333333333,509.0,428.0,458.0
NB-0125,Nick,Bawden,Nick Bawden,RB,1.7,0,0.0,0.3923076923076924,1.0,474.0,428.0,478.0
TL-1037,T.J.,Logan,T.J. Logan,RB,1.9,0,0.4,0.4285714285714285,0.5172413793103448,465.0,428.0,462.0
RO-0550,Ricky,Ortiz,Ricky Ortiz,RB,0.0,0,0.8,-0.6428571428571429,-4.090909090909092,524.0,428.0,444.0
RM-2050,Ray-Ray,McCloud,Ray-Ray McCloud,RB,-2.0,0,0.0,0.0,,614.0,428.0,478.0
RN-0025,Ryan,Nall,Ryan Nall,RB,0.0,0,0.8,-0.8,-inf,524.0,428.0,444.0
DW-0500,Delanie,Walker,Delanie Walker,TE,33.49999999999999,0,0.0,0.0,,241.0,428.0,478.0
VD-0100,Vernon,Davis,Vernon Davis,TE,20.3,0,0.0,0.0,,303.0,428.0,478.0
JC-4300,Jared,Cook,Jared Cook,TE,45.5,0,81.0,-81.0,-inf,205.0,428.0,36.0
VG-0300,Virgil,Green,Virgil Green,TE,6.0,0,7.800000000000002,-7.800000000000002,-inf,409.0,428.0,332.0
RE-0400,Rhett,Ellison,Rhett Ellison,TE,22.7,0,0.0,0.0,,293.0,428.0,478.0
JH-5150,J.P.,Holtz,J.P. Holtz,TE,2.3,0,6.8,-6.56206896551724,-27.57971014492754,455.0,428.0,348.0
TE-0350,Tyler,Ervin,Tyler Ervin,RB,0.0,0,2.1,-1.4172413793103449,-2.0757575757575752,524.0,428.0,413.0
CM-0175,Chris,Manhertz,Chris Manhertz,TE,0.0,0,1.1,-1.1,-inf,524.0,428.0,437.0
SS-1525,Scott,Simonson,Scott Simonson,TE,0.0,0,1.1,-1.1,-inf,524.0,428.0,437.0
TB-3950,Trey,Burton,Trey Burton,TE,8.399999999999999,0,0.0,0.0,,384.0,428.0,478.0
XG-0100,Xavier,Grimble,Xavier Grimble,TE,0.3,0,0.0,0.0,,515.0,428.0,478.0
BB-1550,Blake,Bell,Blake Bell,TE,1.0,0,5.699999999999998,-5.699999999999998,-inf,488.0,428.0,362.0
BK-1050,Ben,Koyack,Ben Koyack,TE,0.9,0,0.0,0.8659463335642616,1.0,494.0,428.0,478.0
ET-0375,Eric,Tomlinson,Eric Tomlinson,TE,0.1,0,0.0,0.7610661718181195,1.0,521.0,428.0,478.0
GS-1400,Geoff,Swaim,Geoff Swaim,TE,6.5,0,0.0,0.0,,407.0,428.0,478.0
JH-3625,Jeff,Heuerman,Jeff Heuerman,TE,7.799999999999999,0,9.6,-9.6,-inf,393.0,428.0,313.0
JO-0150,James,O'Shaughnessy,James O'Shaughnessy,TE,27.3,0,0.0,0.0,,262.0,428.0,478.0
ML-0050,Matt,LaCosse,Matt LaCosse,TE,5.8,0,13.3,-13.3,-inf,411.0,428.0,280.0
RT-1550,Ross,Travis,Ross Travis,TE,0.0,0,3.1,-2.3621621621621625,-3.201465201465203,524.0,428.0,397.0
TC-0450,Tra,Carson,Tra Carson,RB,6.6,0,0.0,0.6827586206896551,1.0,405.0,428.0,478.0
SP-0850,Senorise,Perry,Senorise Perry,RB,0.0,0,0.4,-0.1866666666666667,-0.8750000000000002,524.0,428.0,462.0
AH-3900,Allen,Hurns,Allen Hurns,WR,26.3,0,25.3,-25.3,-inf,268.0,428.0,192.0
BC-2325,Brandin,Cooks,Brandin Cooks,WR,51.3,0,24.200000000000006,-24.200000000000006,-inf,188.0,428.0,202.0
NB-0200,Nick,Bellore,Nick Bellore,RB,2.0,0,6.3,-5.782608718053767,-11.176471115442398,461.0,428.0,353.0
AW-1650,Albert,Wilson,Albert Wilson,WR,14.5,0,31.9,-31.9,-inf,334.0,428.0,161.0
AP-0388,Andre,Patton,Andre Patton,WR,2.2,0,3.4000000000000004,-3.0930232558139537,-10.075757575757576,457.0,428.0,391.0
CB-1750,C.J.,Board,C.J. Board,WR,2.3,0,0.8,-0.4714285714285715,-1.4347826086956528,455.0,428.0,444.0
CG-2162,Cyril,Grayson,Cyril Grayson,WR,0.0,0,0.3,-0.3,-inf,524.0,428.0,469.0
CH-3775,Cody,Hollister,Cody Hollister,WR,0.0,0,1.3,-1.3,-inf,524.0,428.0,430.0
JD-1650,James,Develin,James Develin,RB,0.3,0,0.0,0.0,,515.0,428.0,478.0
DS-3300,Darren,Sproles,Darren Sproles,RB,11.000000000000002,0,0.0,0.0,,359.0,428.0,478.0
FB-0750,Fred,Brown,Fred Brown,WR,2.1,0,0.0,0.30000000000000004,1.0,459.0,428.0,478.0
GW-0250,Greg,Ward Jr.,Greg Ward Jr.,WR,0.0,0,31.9,-31.9,-inf,524.0,428.0,161.0
IF-0175,Isaiah,Ford,Isaiah Ford,WR,0.9,0,24.6,-24.47142857142857,-190.3333333333333,494.0,428.0,197.0
JN-0350,JoJo,Natson,JoJo Natson,WR,0.0,0,0.0,0.18571428571428567,1.0,524.0,428.0,478.0
TB-2093,Tim,Boyle,Tim Boyle,QB,-0.3,0,0.2,-0.2692307692307692,3.888888888888888,609.0,428.0,471.0
KH-2075,Krishawn,Hogan,Krishawn Hogan,WR,0.0,0,0.4,-0.4,-inf,524.0,428.0,462.0
RD-0150,Rashard,Davis,Rashard Davis,WR,0.0,0,1.6,-1.6,-inf,524.0,428.0,423.0
RD-0450,Robert,Davis,Robert Davis,WR,1.1,0,0.6,-0.4428571428571429,-2.8181818181818183,486.0,428.0,453.0
BB-1950,Braxton,Berrios,Braxton Berrios,WR,1.0,0,8.5,-8.26923076923077,-35.833333333333336,488.0,428.0,327.0
BZ-0100,Brandon,Zylstra,Brandon Zylstra,WR,0.0,0,10.6,-10.069230769230767,-18.97101449275363,524.0,428.0,304.0
CB-1650,Christian,Blake,Christian Blake,WR,1.8,0,7.300000000000002,-6.884615384615384,-16.574074074074073,468.0,428.0,338.0
CL-0125,Chris,Lacy,Chris Lacy,WR,0.0,0,6.0,-6.0,-inf,524.0,428.0,358.0
CM-1650,Codey,McElroy,Codey McElroy,WR,0.0,0,3.0,-3.0,-inf,524.0,428.0,398.0
TS-1450,Trevor,Siemian,Trevor Siemian,QB,0.12,0,0.0,0.0,,520.0,428.0,478.0
CS-1925,Cam,Sims,Cam Sims,WR,0.0,0,2.7,-2.7,-inf,524.0,428.0,403.0
SM-0425,Sean,Mannion,Sean Mannion,QB,-0.2,0,-1.26,1.6536,4.201219512195121,608.0,428.0,611.0
GG-0310,Garrett,Gilbert,Garrett Gilbert,QB,-0.1,0,-0.2,0.30000000000000004,3.0000000000000004,607.0,428.0,604.0
KR-0312,Kalif,Raymond,Kalif Raymond,WR,7.1,0,15.4,-14.965517241379311,-34.44444444444444,399.0,428.0,255.0
TW-2875,Tyrell,Williams,Tyrell Williams,WR,78.2,0,26.9,-26.9,-inf,108.0,428.0,182.0
TJ-2650,Tevin,Jones,Tevin Jones,WR,2.4,0,3.7,-3.451724137931034,-13.902777777777775,451.0,428.0,388.0
CT-1220,Chris,Thompson,Chris Thompson,RB,35.5,0,16.1,-16.1,-inf,234.0,428.0,248.0
CL-0275,Cody,Latimer,Cody Latimer,WR,23.3,0,18.7,-18.7,-inf,289.0,428.0,231.0
DA-0212,Davante,Adams,Davante Adams,WR,53.7,0,76.0,-76.0,-inf,179.0,428.0,40.0
RN-1250,Roosevelt,Nix,Roosevelt Nix,RB,0.4,0,0.0,0.0,,512.0,428.0,478.0
DS-3187,Diontae,Spencer,Diontae Spencer,WR,2.5,0,-0.8,0.9666666666666668,5.800000000000002,448.0,428.0,608.0
KS-1450,Keith,Smith,Keith Smith,RB,0.5,0,1.6,-1.0733333333333333,-2.037974683544304,509.0,428.0,423.0
DW-3125,Damien,Williams,Damien Williams,RB,70.5,0,44.6,-44.6,-inf,127.0,428.0,116.0
DF-1875,Devonta,Freeman,Devonta Freeman,RB,79.3,0,59.3,-59.3,-inf,103.0,428.0,69.0
ML-0650,Marqise,Lee,Marqise Lee,WR,1.9,0,0.0,0.0,,465.0,428.0,478.0
ZL-0200,Zach,Line,Zach Line,RB,5.2,0,0.4,-0.4,-inf,414.0,428.0,462.0
PR-0150,Paul,Richardson,Paul Richardson,WR,35.9,0,0.6,-0.6,-inf,232.0,428.0,453.0
QE-0100,Quincy,Enunwa,Quincy Enunwa,WR,-0.4,0,0.0,0.0,,611.0,428.0,478.0
PD-0800,Phillip,Dorsett,Phillip Dorsett,WR,67.3,0,6.5,-6.5,-inf,141.0,428.0,349.0
RG-1650,Ryan,Grant,Ryan Grant,WR,1.4,0,0.0,-0.4918642441703183,1.0,479.0,428.0,478.0
VB-0325,Ventell,Bryant,Ventell Bryant,WR,0.0,0,7.5,-7.5,-inf,524.0,428.0,336.0
TG-0025,Taylor,Gabriel,Taylor Gabriel,WR,59.40000000000001,0,1.9,-1.9,-inf,166.0,428.0,417.0
JN-0625,J.J.,Nelson,J.J. Nelson,WR,9.6,0,0.0,0.0,,373.0,428.0,478.0
SW-0350,Spencer,Ware,Spencer Ware,RB,0.0,0,7.300000000000002,-6.930665596468273,-18.765285687426953,524.0,428.0,338.0
KB-0350,Kenjon,Barner,Kenjon Barner,RB,9.32,0,-0.20000000000000015,0.20000000000000015,inf,377.0,428.0,606.0
BP-0450,Breshad,Perriman,Breshad Perriman,WR,16.799999999999994,0,85.30000000000003,-85.30000000000003,-inf,324.0,428.0,33.0
GD-0050,Geremy,Davis,Geremy Davis,WR,3.8,0,0.0,0.47200000000000003,1.0,429.0,428.0,478.0
DB-6375,Damiere,Byrd,Damiere Byrd,WR,17.8,0,22.1,-22.1,-inf,318.0,428.0,215.0
DF-2200,Devin,Funchess,Devin Funchess,WR,3.2,0,0.0,0.0,,436.0,428.0,478.0
SW-0450,Sammy,Watkins,Sammy Watkins,WR,74.99999999999999,0,15.5,-15.5,-inf,119.0,428.0,252.0
KJ-1400,Kyle,Juszczyk,Kyle Juszczyk,RB,14.5,0,16.1,-16.1,-inf,334.0,428.0,248.0
DW-2350,DeAndrew,White,DeAndrew White,WR,0.8,0,1.2,-0.7945945945945945,-1.9599999999999995,501.0,428.0,432.0
JA-1025,Javorius,Allen,Javorius Allen,RB,0.0,-1,10.500000000000002,-11.753453354606886,9.37685739274525,524.0,608.0,307.0
MD-0150,Mike,Davis,Mike Davis,RB,4.7,-1,0.2,-2.1464245069673358,1.102752508142026,422.0,608.0,471.0
MW-0350,Michael,Walker,Michael Walker,WR,0.0,-1,-2.5,1.4090909090909092,-1.2916666666666667,524.0,608.0,615.0
BB-2425,Blake,Bortles,Blake Bortles,QB,0.1,-1,-0.88,-0.5305125847462769,0.3761133296387466,521.0,608.0,609.0
ML-2500,Marshawn,Lynch,Marshawn Lynch,RB,0.0,-2,9.4,-11.769150471539964,4.9676669392341015,524.0,612.0,315.0
BH-2300,Brett,Hundley,Brett Hundley,QB,0.0,-2,6.06,-8.591178617316277,3.39414159022298,524.0,612.0,357.0
RG-1850,Robert,Griffin,Robert Griffin,QB,7.4,-8,8.7,-16.972274873733515,2.051705864806864,397.0,614.0,323.0
MG-0850,Mike,Glennon,Mike Glennon,QB,5.44,-8,-1.2,-7.171703074892231,0.8566599902952904,413.0,614.0,610.0
