Year,Name,Tm,Age,Pos,Games-G,Games-GS,FGA-0-19,FGM-0-19,FGA-20-29,FGM-20-29,FGA-30-39,FGM-30-39,FGA-40-49,FGM-40-49,FGA-50+,FGM-50+,Score-FGA,Score-FGM,Score-Lng,Score-FG%,Score-XPA,Score-XPM,Score-XP%,Kick-KO,Kick-KOYds,Kick-TB,Kick-TB%,Kick-KOAvg,Punt-Pnt,Punt-Yds,Punt-Lng,Punt-Blck,Punt-Y/P,Rk
2019,Harrison Butker,KAN,24,K,16,0,,,9,9,10,9,13,13,6,3,38,34,56,0.895,48,45,0.938,98,6157,60,0.612,62.8,,,,,,1
2019,Wil Lutz,NOR,25,K,16,0,1,1,9,9,6,6,15,13,5,3,36,32,58,0.889,49,48,0.98,94,6082,74,0.787,64.7,,,,,,2
2019,Zane Gonzalez,ARI,24,K,16,0,,,12,12,13,12,8,5,2,2,35,31,54,0.886,35,34,0.971,83,5241,45,0.542,63.1,2,84,44,0,42,3
2019,Matt Gay,TAM,25,K,16,0,,,6,6,7,5,14,11,8,5,35,27,58,0.771,48,43,0.896,1,14,,,14,,,,,,4
2019,Josh Lambo,JAX,29,K,16,0,,,12,12,9,9,9,8,4,4,34,33,56,0.971,20,19,0.95,40,2283,23,0.575,57.1,,,,,,5
2019,Brandon McManus,DEN,28,K,16,0,,,6,6,9,9,12,10,7,4,34,29,53,0.853,26,25,0.962,72,4634,55,0.764,64.4,,,,,,6
2019,Greg Zuerlein,LAR,32,K,16,0,,,7,7,8,7,11,5,7,5,33,24,58,0.727,42,42,1,83,5281,64,0.771,63.6,,,,,,7
2019,Joey Slye,CAR,23,K,16,0,,,5,4,5,5,11,8,11,8,32,25,55,0.781,35,31,0.886,70,4503,66,0.943,64.3,,,,,,8
2019,Chris Boswell,PIT,28,K,16,0,1,1,11,11,7,7,10,9,2,1,31,29,51,0.935,28,28,1,72,4552,31,0.431,63.2,,,,,,9
2019,Randy Bullock,CIN,30,K,16,0,,,10,10,6,6,12,10,3,1,31,27,57,0.871,25,24,0.96,71,4269,46,0.648,60.1,,,,,,10
2019,Robbie Gould,SFO,37,K,13,0,,,9,9,10,8,8,6,4,,31,23,47,0.742,42,41,0.976,1,37,,,37,,,,,,11
2019,Matt Prater,DET,35,K,16,0,,,11,11,3,2,9,6,8,7,31,26,56,0.839,36,35,0.972,19,1159,8,0.421,61,,,,,,12
2019,Dustin Hopkins,WAS,29,K,16,0,,,8,7,9,8,10,8,3,2,30,25,53,0.833,22,21,0.955,68,4231,48,0.706,62.2,,,,,,13
2019,Brett Maher,DAL,30,K,13,0,,,9,9,8,6,5,1,8,4,30,20,63,0.667,36,36,1,69,4170,36,0.522,60.4,,,,,,14
2019,Jason Sanders,MIA,24,K,16,0,,,7,7,9,8,9,5,5,3,30,23,54,0.767,30,29,0.967,71,4314,49,0.69,60.8,,,,,,15
2019,Austin Seibert,CLE,23,K,16,0,,,6,6,9,9,12,9,2,1,29,25,53,0.862,35,30,0.857,75,4753,30,0.4,63.4,1,37,37,0,37,16
2019,Dan Bailey,MIN,31,K,16,0,,,10,10,9,9,7,5,3,3,29,27,50,0.931,44,40,0.909,87,5597,66,0.759,64.3,,,,,,17
2019,Justin Tucker,BAL,30,K,16,0,,,8,8,9,9,11,10,1,1,29,28,51,0.966,59,57,0.966,106,6646,57,0.538,62.7,,,,,,18
2019,Stephen Hauschka,BUF,34,K,16,0,,,5,5,8,7,10,9,5,1,28,22,51,0.786,32,30,0.938,73,4529,42,0.575,62,,,,,,19
2019,Jason Myers,SEA,28,K,16,0,,,6,6,11,11,7,4,4,2,28,23,54,0.821,44,40,0.909,85,5337,59,0.694,62.8,,,,,,20
2019,Eddy Pineiro,CHI,24,K,16,0,1,1,8,8,10,9,7,3,2,2,28,23,53,0.821,29,27,0.931,52,3141,26,0.5,60.4,,,,,,21
2019,Sam Ficken,NYJ,27,K,15,0,,,2,2,8,7,11,7,6,3,27,19,54,0.704,26,23,0.885,62,3763,29,0.468,60.7,,,,,,22
2019,Daniel Carlson,OAK,24,K,16,0,,,8,8,6,5,10,6,2,,26,19,48,0.731,36,34,0.944,71,4496,38,0.535,63.3,,,,,,23
2019,Jake Elliott,PHI,24,K,16,0,,,7,7,8,8,7,5,4,2,26,22,53,0.846,37,35,0.946,81,5058,52,0.642,62.4,,,,,,24
2019,Younghoe Koo,ATL,25,K,8,0,,,6,6,10,9,9,7,1,1,26,23,50,0.885,16,15,0.938,50,3041,27,0.54,60.8,,,,,,25
2019,Ka'imi Fairbairn,HOU,25,K,16,0,,,5,5,8,8,6,4,6,3,25,20,54,0.8,45,40,0.889,81,5091,42,0.519,62.9,1,26,26,0,26,26
2019,Adam Vinatieri,IND,47,K,12,0,,,7,6,6,6,7,3,5,2,25,17,55,0.68,28,22,0.786,,,,,,,,,,,27
2019,Mason Crosby,GNB,35,K,16,0,1,1,2,2,11,11,8,7,2,1,24,22,54,0.917,41,40,0.976,79,5031,49,0.62,63.7,,,,,,28
2019,Chase McLaughlin,3TM,23,K,11,0,1,1,5,5,4,4,10,5,3,3,23,18,50,0.783,26,26,1,18,1064,7,0.389,59.1,,,,,,29
2019,Nick Folk,NWE,35,K,7,0,1,1,5,5,3,3,7,4,1,1,17,14,51,0.824,12,12,1,1,41,,,41,,,,,,30
2019,Aldrick Rosas,NYG,25,K,16,0,,,6,6,6,5,4,1,1,,17,12,45,0.706,39,35,0.897,71,4433,50,0.704,62.4,,,,,,31
2019,Michael Badgley,LAC,24,K,8,0,,,5,5,2,2,8,6,1,,16,13,49,0.813,19,19,1,11,665,1,0.091,60.5,,,,,,32
2019,Matt Bryant,ATL,44,K,7,0,,,1,1,4,3,3,3,6,2,14,9,52,0.643,15,14,0.933,5,304,,,60.8,,,,,,33
2019,Kai Forbath,2TM,32,K,4,0,,,2,2,1,1,7,7,1,1,11,11,50,1,12,11,0.917,23,1375,15,0.652,59.8,,,,,,34
2019,Ty Long,LAC,26,K,16,0,,,,,3,2,5,4,1,1,9,7,51,0.778,9,9,1,47,2978,28,0.596,63.4,48,2256,60,0,47,35
2019,Cairo Santos,TEN,28,K,5,0,,,,,3,1,3,2,3,1,9,4,53,0.444,12,12,1,21,1339,12,0.571,63.8,,,,,,36
2019,Stephen Gostkowski,NWE,35,K,4,0,,,3,3,3,3,2,1,,,8,7,41,0.875,15,11,0.733,26,1687,21,0.808,64.9,,,,,,37
2019,Mike Nugent,NWE,37,K,4,0,,,4,3,3,2,1,,,,8,5,37,0.625,16,15,0.938,,,,,,,,,,,38
2019,Ryan Succop,TEN,33,K,6,0,,,,,1,1,4,,1,,6,1,31,0.167,25,24,0.96,17,1015,3,0.176,59.7,,,,,,39
2019,Cody Parkey,TEN,27,K,3,0,,,,,,,2,2,1,1,3,3,51,1,6,5,0.833,12,753,9,0.75,62.8,,,,,,40
2019,Kaare Vedvik,NYJ,25,K,1,0,,,,,,,1,,,,1,,,0,1,,0,3,195,3,1,65,,,,,,41
2018,Ka'imi Fairbairn,HOU,24,K,16,0,1,1,9,9,11,11,15,12,6,4,42,37,54,0.881,41,39,0.951,92,5885,58,0.63,64,,,,,,1
2018,Justin Tucker+,BAL,29,K,16,0,,,12,12,9,9,11,9,7,5,39,35,56,0.897,37,36,0.973,92,5765,58,0.63,62.7,,,,,,2
2018,Mason Crosby,GNB,34,K,16,0,,,4,4,11,10,15,11,7,5,37,30,53,0.811,36,34,0.944,83,5168,41,0.494,62.3,,,,,,3
2018,Brett Maher,DAL,29,K,16,0,,,10,10,8,6,11,7,7,6,36,29,62,0.806,33,32,0.97,77,4984,52,0.675,64.7,,,,,,4
2018,Jason Myers,NYJ,27,K,16,0,,,4,4,13,12,12,11,7,6,36,33,56,0.917,33,30,0.909,82,5255,60,0.732,64.1,,,,,,5
2018,Robbie Gould,SFO,36,K,16,0,,,9,9,13,13,10,9,2,2,34,33,53,0.971,29,27,0.931,4,102,,,25.5,,,,,,6
2018,Aldrick Rosas,NYG,24,K,16,0,,,9,9,13,13,6,6,5,4,33,32,57,0.97,32,31,0.969,85,5186,51,0.6,61,,,,,,7
2018,Stephen Gostkowski,NWE,34,K,16,0,,,11,11,10,10,6,4,5,2,32,27,52,0.844,50,49,0.98,93,5784,50,0.538,62.2,,,,,,8
2018,Matt Prater,DET,34,K,16,0,,,8,8,12,12,7,5,5,3,32,28,54,0.875,30,30,1,6,343,3,0.5,57.2,,,,,,9
2018,Jake Elliott,PHI,23,K,16,0,,,7,7,11,10,8,7,5,2,31,26,56,0.839,35,33,0.943,82,5210,57,0.695,63.5,,,,,,10
2018,Greg Zuerlein,LAR,31,K,11,0,,,9,9,10,10,6,4,6,4,31,27,56,0.871,36,35,0.972,75,4843,57,0.76,64.6,,,,,,11
2018,Wil Lutz,NOR,24,K,16,0,1,1,5,5,9,9,12,11,3,2,30,28,54,0.933,53,52,0.981,101,6503,64,0.634,64.4,,,,,,12
2018,Cody Parkey,CHI,26,K,16,0,,,6,6,10,7,12,9,2,1,30,23,50,0.767,45,42,0.933,89,5627,65,0.73,63.2,,,,,,13
2018,Ryan Succop,TEN,32,K,16,0,,,6,5,13,13,7,5,4,3,30,26,54,0.867,31,28,0.903,70,4480,45,0.643,64,,,,,,14
2018,Dustin Hopkins,WAS,28,K,16,0,,,5,5,7,7,12,10,5,4,29,26,56,0.897,26,25,0.962,70,4443,56,0.8,63.5,,,,,,15
2018,Dan Bailey,MIN,30,K,14,0,,,6,5,11,11,9,4,2,1,28,21,52,0.75,31,30,0.968,69,4164,35,0.507,60.3,,,,,,16
2018,Stephen Hauschka,BUF,33,K,16,0,,,3,3,8,8,10,7,7,4,28,22,54,0.786,26,25,0.962,66,3958,30,0.455,60,,,,,,17
2018,Harrison Butker,KAN,23,K,16,0,,,9,9,7,7,7,6,4,2,27,24,54,0.889,69,65,0.942,110,7000,72,0.655,63.6,,,,,,18
2018,Sebastian Janikowski,SEA,40,K,16,0,,,2,2,11,9,9,8,5,3,27,22,56,0.815,51,48,0.941,74,4648,42,0.568,62.8,,,,,,19
2018,Adam Vinatieri,IND,46,K,16,0,,,8,8,7,6,6,5,6,4,27,23,54,0.852,47,44,0.936,,,,,,,,,,,20
2018,Brandon McManus,DEN,27,K,16,0,,,5,5,6,6,7,7,7,2,25,20,53,0.8,35,35,1,73,4473,42,0.575,61.3,,,,,,21
2018,Randy Bullock,CIN,29,K,16,0,,,4,4,8,7,6,6,5,2,23,19,51,0.826,41,39,0.951,79,4969,45,0.57,62.9,,,,,,22
2018,Matt Bryant,ATL,43,K,13,0,,,4,4,5,5,7,7,5,4,21,20,57,0.952,35,33,0.943,,,,,,,,,,,23
2018,Daniel Carlson,2TM,23,K,12,0,,,2,2,4,3,12,9,3,3,21,17,50,0.81,24,24,1,54,3334,29,0.537,61.7,,,,,,24
2018,Josh Lambo,JAX,28,K,13,0,,,4,4,8,8,4,3,5,4,21,19,57,0.905,20,19,0.95,54,3283,36,0.667,60.8,,,,,,25
2018,Chris Boswell,PIT,27,K,15,0,,,3,3,6,4,10,5,1,1,20,13,50,0.65,48,43,0.896,81,5097,50,0.617,62.9,,,,,,26
2018,Chandler Catanzaro,2TM,27,K,13,0,,,4,4,10,9,3,,3,3,20,16,59,0.8,35,30,0.857,65,4118,52,0.8,63.4,,,,,,27
2018,Greg Joseph,CLE,24,K,14,0,,,4,4,7,7,7,5,2,1,20,17,51,0.85,29,25,0.862,69,4340,47,0.681,62.9,,,,,,28
2018,Jason Sanders,MIA,23,K,16,0,,,7,7,3,3,9,7,1,1,20,18,50,0.9,36,35,0.972,70,4395,55,0.786,62.8,,,,,,29
2018,Cairo Santos,2TM,27,K,9,0,1,1,4,4,6,6,6,3,1,,18,14,45,0.778,23,22,0.957,49,2977,19,0.388,60.8,,,,,,30
2018,Michael Badgley,LAC,23,K,10,0,,,4,4,5,5,5,5,2,1,16,15,59,0.938,28,27,0.964,,,,,,,,,,,31
2018,Graham Gano,CAR,31,K,12,0,,,3,3,5,4,4,4,4,3,16,14,63,0.875,33,30,0.909,62,3940,47,0.758,63.5,,,,,,32
2018,Zane Gonzalez,2TM,23,K,7,0,,,1,1,4,4,4,2,5,2,14,9,55,0.643,11,8,0.727,28,1802,17,0.607,64.4,,,,,,33
2018,Caleb Sturgis,LAC,29,K,6,0,,,4,4,2,2,6,3,1,,13,9,49,0.692,15,9,0.6,,,,,,1,24,24,0,24,34
2018,Matthew McCrane,3TM,24,K,5,0,,,3,3,2,2,5,3,2,,12,8,47,0.667,9,9,1,21,1250,5,0.238,59.5,,,,,,35
2018,Phil Dawson,ARI,43,K,10,0,,,2,2,2,2,3,1,1,,8,5,43,0.625,15,15,1,32,1982,14,0.438,61.9,,,,,,36
2018,Mike Nugent,OAK,36,K,3,0,,,3,3,,,2,2,1,1,6,6,52,1,5,4,0.8,14,858,6,0.429,61.3,,,,,,37
2018,Kai Forbath,JAX,31,K,3,0,,,2,2,1,1,1,1,1,,5,4,41,0.8,3,3,1,,,,,,,,,,,38
2018,Giorgio Tavecchio,ATL,28,K,3,0,,,1,1,,,2,2,2,2,5,5,56,1,8,8,1,,,,,,,,,,,39
2018,Sam Ficken,LAR,26,K,2,0,,,1,,1,1,1,,,,3,1,34,0.333,10,10,1,13,804,11,0.846,61.8,,,,,,40
2018,Johnny Hekker,LAR,28,K,16,0,,,1,1,,,,,,,1,1,20,1,1,1,1,6,381,2,0.333,63.5,43,1992,68,0,46.3,41
2017,Harrison Butker,KAN,22,K,13,0,,,8,8,17,16,12,10,5,4,42,38,53,0.905,28,28,1,78,5006,61,0.782,64.2,,,,,,1
2017,Ryan Succop,TEN,31,K,16,0,,,10,10,7,7,20,16,5,2,42,35,52,0.833,33,31,0.939,80,5120,47,0.588,64,,,,,,2
2017,Robbie Gould,SFO,35,K,16,0,,,8,7,11,11,18,17,4,4,41,39,52,0.951,30,28,0.933,4,101,,,25.3,,,,,,3
2017,Phil Dawson,ARI,42,K,16,0,1,1,7,7,14,10,13,10,5,4,40,32,57,0.8,26,23,0.885,76,4647,34,0.447,61.1,,,,,,4
2017,Stephen Gostkowski,NWE,33,K,16,0,,,16,16,9,9,11,8,4,4,40,37,62,0.925,47,45,0.957,99,6228,40,0.404,62.9,,,,,,5
2017,Greg Zuerlein,LAR,30,K,14,0,1,1,8,8,12,11,12,12,7,6,40,38,56,0.95,46,44,0.957,95,6075,73,0.768,63.9,,,,,,6
2017,Matt Bryant,ATL,42,K,16,0,1,1,6,6,13,10,10,9,9,8,39,34,57,0.872,35,35,1,,,,,,,,,,,7
2017,Chris Boswell,PIT,26,K,16,0,,,10,10,14,12,10,9,4,4,38,35,53,0.921,39,37,0.949,90,5681,46,0.511,63.1,,,,,,8
2017,Kai Forbath,MIN,30,K,16,0,,,8,8,14,12,7,6,9,6,38,32,53,0.842,39,34,0.872,88,5587,44,0.5,63.5,,,,,,9
2017,Justin Tucker,BAL,28,K,16,0,,,7,7,11,11,12,11,7,5,37,34,57,0.919,39,39,1,90,5601,55,0.611,62.2,,,,,,10
2017,Wil Lutz,NOR,23,K,16,0,,,10,10,5,4,16,13,5,4,36,31,53,0.861,50,47,0.94,94,5972,58,0.617,63.5,,,,,,11
2017,Matt Prater,DET,33,K,16,0,2,2,4,4,10,10,8,7,11,7,35,30,58,0.857,41,40,0.976,17,977,6,0.353,57.5,4,139,47,0,34.8,12
2017,Adam Vinatieri,IND,45,K,15,0,,,11,11,10,7,7,6,6,5,34,29,54,0.853,24,22,0.917,,,,,,,,,,,13
2017,Stephen Hauschka,BUF,32,K,16,0,,,6,6,9,9,9,7,9,7,33,29,56,0.879,29,29,1,74,4361,37,0.5,58.9,,,,,,14
2017,Brandon McManus,DEN,26,K,16,0,,,8,6,12,11,6,4,6,3,32,24,53,0.75,27,27,1,71,4191,45,0.634,59,1,26,26,0,26,15
2017,Jake Elliott,PHI,22,K,15,0,,,5,5,7,4,13,12,6,5,31,26,61,0.839,42,39,0.929,84,5212,42,0.5,62,,,,,,16
2017,Chandler Catanzaro,NYJ,26,K,16,0,1,1,6,6,4,4,17,12,2,2,30,25,57,0.833,29,29,1,71,4349,45,0.634,61.3,,,,,,17
2017,Graham Gano,CAR,30,K,16,0,,,8,8,11,11,10,10,1,,30,29,48,0.967,37,34,0.919,83,5313,70,0.843,64,,,,,,18
2017,Blair Walsh,SEA,27,K,16,0,,,6,6,10,7,12,8,1,,29,21,49,0.724,38,37,0.974,78,4837,39,0.5,62,,,,,,19
2017,Ka'imi Fairbairn,HOU,23,K,16,0,,,4,3,10,8,7,6,4,3,25,20,55,0.8,35,32,0.914,75,4718,49,0.653,62.9,,,,,,20
2017,Aldrick Rosas,NYG,23,K,16,0,,,8,8,5,3,9,4,3,3,25,18,52,0.72,23,20,0.87,62,3759,26,0.419,60.6,,,,,,21
2017,Patrick Murray,TAM,26,K,12,0,,,5,5,8,8,5,4,5,2,23,19,50,0.826,22,21,0.955,59,3590,14,0.237,60.8,,,,,,22
2017,Cody Parkey,MIA,25,K,16,0,,,6,6,8,8,7,6,2,1,23,21,54,0.913,29,26,0.897,67,4013,28,0.418,59.9,,,,,,23
2017,Giorgio Tavecchio,OAK,27,K,16,0,,,5,5,7,5,5,3,4,3,21,16,53,0.762,34,33,0.971,64,4058,48,0.75,63.4,,,,,,24
2017,Zane Gonzalez,CLE,22,K,16,0,,,5,5,6,4,6,4,3,2,20,15,54,0.75,26,25,0.962,56,3286,33,0.589,58.7,1,16,16,0,16,25
2017,Dan Bailey,DAL,29,K,12,0,1,1,4,3,5,4,5,4,5,3,20,15,56,0.75,28,26,0.929,56,3605,32,0.571,64.4,,,,,,26
2017,Randy Bullock,CIN,28,K,15,0,,,6,6,8,7,5,4,1,1,20,18,51,0.9,33,31,0.939,65,4071,30,0.462,62.6,,,,,,27
2017,Josh Lambo,JAX,27,K,10,0,,,2,2,11,11,5,4,2,2,20,19,56,0.95,24,22,0.917,57,3322,22,0.386,58.3,,,,,,28
2017,Mason Crosby,GNB,33,K,16,0,,,8,8,4,2,4,4,3,1,19,15,50,0.789,35,33,0.943,68,4248,36,0.529,62.5,,,,,,29
2017,Dustin Hopkins,WAS,27,K,8,0,1,1,7,7,2,2,5,4,2,,17,14,49,0.824,19,18,0.947,40,2574,29,0.725,64.4,,,,,,30
2017,Connor Barth,CHI,31,K,10,0,1,1,4,4,,,9,5,2,1,16,11,54,0.688,17,17,1,37,2374,17,0.459,64.2,,,,,,31
2017,Jason Myers,JAX,26,K,6,0,,,4,4,3,2,5,5,3,,15,11,47,0.733,17,15,0.882,35,2117,26,0.743,60.5,,,,,,32
2017,Nick Rose,2TM,23,K,10,0,,,6,6,4,3,2,1,2,1,14,11,55,0.786,26,23,0.885,38,2352,24,0.632,61.9,,,,,,33
2017,Nick Novak,LAC,36,K,7,0,,,4,4,5,4,2,,2,1,13,9,50,0.692,18,17,0.944,,,,,,,,,,,34
2017,Mike Nugent,2TM,35,K,8,0,,,3,3,4,3,5,4,1,1,13,11,55,0.846,17,15,0.882,36,2262,18,0.5,62.8,,,,,,35
2017,Nick Folk,TAM,33,K,4,0,,,2,2,2,1,5,2,2,1,11,6,50,0.545,9,7,0.778,18,1114,13,0.722,61.9,,,,,,36
2017,Travis Coons,LAC,25,K,3,0,,,4,4,3,2,1,1,,,8,7,40,0.875,6,5,0.833,,,,,,,,,,,37
2017,Younghoe Koo,LAC,23,K,4,0,,,2,2,,,4,1,,,6,3,41,0.5,9,9,1,,,,,,,,,,,38
2017,Cairo Santos,2TM,26,K,5,0,,,,,4,4,,,1,,5,4,39,0.8,14,14,1,20,1308,12,0.6,65.4,,,,,,39
2017,Sam Ficken,LAR,25,K,2,0,,,2,2,1,,,,,,3,2,23,0.667,5,4,0.8,8,511,5,0.625,63.9,,,,,,40
2017,Caleb Sturgis,PHI,28,K,1,0,,,,,1,1,1,1,1,1,3,3,50,1,2,1,0.5,6,374,2,0.333,62.3,,,,,,41
2016,Dustin Hopkins,WAS,26,K,16,0,,,12,12,14,12,9,7,7,3,42,34,53,0.81,39,36,0.923,92,5788,65,0.707,62.9,,,,,,1
2016,Nick Novak,HOU,35,K,16,0,1,1,12,12,11,11,11,8,6,3,41,35,53,0.854,25,22,0.88,74,4444,23,0.311,60.1,,,,,,2
2016,Caleb Sturgis,PHI,27,K,16,0,,,12,12,12,12,11,7,6,4,41,35,55,0.854,31,30,0.968,87,5439,46,0.529,62.5,,,,,,3
2016,Justin Tucker,BAL,27,K,16,0,,,4,4,11,10,14,14,10,10,39,38,57,0.974,27,27,1,80,5039,52,0.65,63,,,,,,4
2016,Graham Gano,CAR,29,K,16,0,,,4,4,11,9,17,14,6,3,38,30,54,0.789,34,31,0.912,86,5497,63,0.733,63.9,4,180,54,0,45,5
2016,Matt Bryant,ATL,41,K,16,0,,,12,12,8,7,9,9,8,6,37,34,59,0.919,57,56,0.982,,,,,,2,67,36,0,33.5,6
2016,Stephen Hauschka,SEA,31,K,16,0,,,13,11,13,13,10,8,1,1,37,33,53,0.892,35,29,0.829,86,5477,54,0.628,63.7,,,,,,7
2016,Matt Prater,DET,32,K,16,0,,,10,10,5,4,14,10,7,7,36,31,58,0.861,33,31,0.939,2,116,1,0.5,58,,,,,,8
2016,Sebastian Janikowski,OAK,38,K,16,0,1,1,9,9,6,6,11,10,8,3,35,29,56,0.829,39,37,0.949,88,5630,43,0.489,64,,,,,,9
2016,Cairo Santos,KAN,25,K,16,0,,,9,8,17,15,7,6,2,2,35,31,53,0.886,39,36,0.923,86,5355,48,0.558,62.3,,,,,,10
2016,Wil Lutz,NOR,22,K,16,0,1,1,7,7,11,9,8,8,7,3,34,28,57,0.824,50,49,0.98,93,5693,49,0.527,61.2,,,,,,11
2016,Brandon McManus,DEN,25,K,16,0,,,9,9,10,10,9,7,6,3,34,29,55,0.853,33,32,0.97,79,4836,51,0.646,61.2,,,,,,12
2016,Jason Myers,JAX,25,K,16,0,,,7,7,4,3,11,10,12,7,34,27,56,0.794,32,29,0.906,76,4673,60,0.789,61.5,,,,,,13
2016,Dan Bailey,DAL,28,K,16,0,,,9,9,8,8,9,7,6,3,32,27,56,0.844,46,46,1,91,5827,57,0.626,64,,,,,,14
2016,Stephen Gostkowski,NWE,32,K,16,0,,,9,9,9,7,10,9,4,2,32,27,53,0.844,49,46,0.939,93,5924,52,0.559,63.7,,,,,,15
2016,Josh Lambo,SDG,26,K,16,0,,,7,7,14,13,8,6,3,,32,26,47,0.813,46,42,0.913,91,5694,67,0.736,62.6,,,,,,16
2016,Roberto Aguayo,TAM,22,K,16,0,,,5,5,15,13,10,4,1,,31,22,43,0.71,34,32,0.941,79,4993,52,0.658,63.2,,,,,,17
2016,Nick Folk,NYJ,32,K,16,0,,,13,12,11,10,3,3,4,2,31,27,51,0.871,26,24,0.923,70,4425,39,0.557,63.2,,,,,,18
2016,Adam Vinatieri,IND,44,K,16,0,,,3,3,7,7,12,10,9,7,31,27,54,0.871,44,44,1,,,,,,,,,,,19
2016,Mason Crosby,GNB,32,K,16,0,1,1,6,6,15,13,6,5,2,1,30,26,53,0.867,47,44,0.936,89,5608,46,0.517,63,,,,,,20
2016,Mike Nugent,CIN,34,K,13,0,,,9,9,10,9,7,5,3,,29,23,47,0.793,29,23,0.793,63,3970,28,0.444,63,,,,,,21
2016,Chandler Catanzaro,ARI,25,K,16,0,1,1,6,5,7,6,8,6,6,3,28,21,60,0.75,47,43,0.915,83,5220,52,0.627,62.9,2,66,47,0,33,22
2016,Chris Boswell,PIT,25,K,15,0,,,2,2,9,8,12,11,2,,25,21,49,0.84,36,36,1,80,4953,49,0.613,61.9,,,,,,23
2016,Dan Carpenter,BUF,31,K,16,0,1,1,8,8,5,5,9,4,2,1,25,19,54,0.76,45,40,0.889,69,4154,28,0.406,60.2,,,,,,24
2016,Cody Parkey,CLE,24,K,14,0,,,6,6,6,6,12,7,1,1,25,20,51,0.8,21,20,0.952,57,3475,34,0.596,61,,,,,,25
2016,Ryan Succop,TEN,30,K,16,0,1,1,4,4,6,6,8,8,5,3,24,22,53,0.917,41,39,0.951,82,5086,58,0.707,62,,,,,,26
2016,Connor Barth,CHI,30,K,16,0,,,8,7,8,7,4,3,3,1,23,18,54,0.783,32,31,0.969,64,3973,26,0.406,62.1,,,,,,27
2016,Greg Zuerlein,LAR,29,K,16,0,,,5,5,9,9,4,3,4,2,22,19,54,0.864,23,23,1,59,3794,36,0.61,64.3,,,,,,28
2016,Phil Dawson,SFO,41,K,16,0,,,4,4,6,6,9,7,2,1,21,18,53,0.857,34,33,0.971,41,2304,4,0.098,56.2,,,,,,29
2016,Andrew Franks,MIA,23,K,16,0,,,10,8,6,6,3,1,2,1,21,16,55,0.762,42,41,0.976,74,4768,43,0.581,64.4,,,,,,30
2016,Blair Walsh,MIN,26,K,9,0,1,1,1,1,6,5,6,4,2,1,16,12,50,0.75,19,15,0.789,41,2569,19,0.463,62.7,,,,,,31
2016,Kai Forbath,MIN,29,K,7,0,,,5,5,5,5,4,4,1,1,15,15,51,1,14,11,0.786,38,2363,19,0.5,62.2,,,,,,32
2016,Josh Brown,NYG,37,K,5,0,1,1,3,3,3,3,4,4,1,,12,11,48,0.917,9,9,1,24,1452,15,0.625,60.5,,,,,,33
2016,Robbie Gould,NYG,34,K,10,0,,,3,3,3,3,4,4,,,10,10,47,1,23,20,0.87,43,2671,19,0.442,62.1,,,,,,34
2016,Randy Bullock,3TM,27,K,5,0,,,4,4,2,2,3,2,,,9,8,44,0.889,10,9,0.9,23,1450,14,0.609,63,,,,,,35
2016,Patrick Murray,CLE,25,K,2,0,,,,,1,1,,,1,,2,1,35,0.5,4,3,0.75,7,463,4,0.571,66.1,,,,,,36
2015,Justin Tucker,BAL,26,K,16,0,,,10,10,9,9,11,10,10,4,40,33,52,0.825,29,29,1,74,4753,63,0.851,64.2,,,,,,1
2015,Robbie Gould,CHI,33,K,16,0,1,1,8,8,12,10,9,7,9,7,39,33,55,0.846,29,28,0.966,83,5003,39,0.47,60.3,,,,,,2
2015,Blair Walsh,MIN,25,K,16,0,,,9,9,15,13,7,6,8,6,39,34,54,0.872,37,33,0.892,86,5651,47,0.547,65.7,,,,,,3
2015,Cairo Santos,KAN,24,K,16,0,,,8,7,10,10,11,9,8,4,37,30,53,0.811,41,39,0.951,90,5721,40,0.444,63.6,,,,,,4
2015,Graham Gano,CAR,28,K,16,0,1,1,10,10,5,4,16,13,4,2,36,30,52,0.833,59,56,0.949,102,6706,69,0.676,65.7,,,,,,5
2015,Stephen Gostkowski,NWE,31,K,16,0,,,6,6,11,11,14,12,5,4,36,33,57,0.917,52,52,1,99,6249,69,0.697,63.1,,,,,,6
2015,Brandon McManus,DEN,24,K,16,0,,,12,12,8,8,8,5,7,5,35,30,57,0.857,36,35,0.972,81,5046,55,0.679,62.3,1,41,41,0,41,7
2015,Dan Bailey,DAL,27,K,16,0,,,9,9,10,10,7,6,6,5,32,30,54,0.938,25,25,1,73,4620,49,0.671,63.3,,,,,,8
2015,Chris Boswell,PIT,24,K,12,0,1,1,9,9,8,8,12,9,2,2,32,29,51,0.906,27,26,0.963,74,4680,26,0.351,63.2,,,,,,9
2015,Josh Brown,NYG,36,K,16,0,1,1,6,6,12,12,10,8,3,3,32,30,53,0.938,45,44,0.978,93,5697,37,0.398,61.3,,,,,,10
2015,Travis Coons,CLE,23,K,16,0,,,11,11,10,10,9,7,2,,32,28,47,0.875,24,22,0.917,70,4420,27,0.386,63.1,,,,,,11
2015,Josh Lambo,SDG,25,K,16,0,,,4,4,7,7,16,11,5,4,32,26,54,0.813,32,28,0.875,75,4783,41,0.547,63.8,,,,,,12
2015,Chandler Catanzaro,ARI,24,K,16,0,1,1,12,12,9,9,7,6,2,,31,28,47,0.903,58,53,0.914,99,6445,50,0.505,65.1,,,,,,13
2015,Stephen Hauschka,SEA,30,K,16,0,,,9,9,7,7,9,7,6,6,31,29,54,0.935,44,40,0.909,91,5869,47,0.516,64.5,,,,,,14
2015,Jason Myers,JAX,24,K,16,0,,,10,9,8,8,8,6,4,3,30,26,58,0.867,39,32,0.821,84,5208,55,0.655,62,,,,,,15
2015,Greg Zuerlein,STL,28,K,14,0,1,1,2,2,10,9,8,5,9,3,30,20,61,0.667,28,26,0.929,64,4168,38,0.594,65.1,,,,,,16
2015,Connor Barth,TAM,29,K,12,0,,,9,9,8,8,6,3,5,3,28,23,53,0.821,26,25,0.962,64,4062,32,0.5,63.5,,,,,,17
2015,Mason Crosby,GNB,31,K,16,0,1,1,7,7,4,4,11,8,5,4,28,24,56,0.857,36,36,1,80,5050,41,0.513,63.1,,,,,,18
2015,Dustin Hopkins,WAS,25,K,15,0,,,7,7,9,9,8,7,4,2,28,25,54,0.893,40,39,0.975,80,4967,52,0.65,62.1,,,,,,19
2015,Mike Nugent,CIN,33,K,16,0,,,6,6,6,5,13,10,3,2,28,23,52,0.821,49,48,0.98,89,5786,42,0.472,65,,,,,,20
2015,Phil Dawson,SFO,40,K,16,0,,,10,9,6,6,8,6,3,3,27,24,54,0.889,21,20,0.952,6,268,,,44.7,1,48,48,0,48,21
2015,Dan Carpenter,BUF,30,K,16,0,,,5,5,9,8,8,7,5,3,27,23,52,0.852,40,34,0.85,4,213,,,53.3,,,,,,22
2015,Adam Vinatieri,IND,43,K,16,0,,,8,7,6,6,8,8,5,4,27,25,55,0.926,35,32,0.914,,,,,,,,,,,23
2015,Sebastian Janikowski,OAK,37,K,16,0,,,7,7,6,5,8,5,5,4,26,21,56,0.808,39,38,0.974,79,4941,44,0.557,62.5,,,,,,24
2015,Matt Prater,DET,31,K,16,0,,,3,3,9,8,6,6,6,5,24,22,59,0.917,39,36,0.923,4,223,,,55.8,,,,,,25
2015,Randy Bullock,2TM,26,K,11,0,1,1,4,4,6,6,11,8,1,,23,19,49,0.826,25,22,0.88,56,3617,30,0.536,64.6,,,,,,26
2015,Caleb Sturgis,PHI,26,K,13,0,,,4,4,10,8,4,4,4,2,22,18,53,0.818,37,35,0.946,68,4171,39,0.574,61.3,,,,,,27
2015,Nick Novak,HOU,34,K,13,0,,,6,6,6,6,4,4,5,2,21,18,51,0.857,31,29,0.935,62,4006,23,0.371,64.6,1,36,36,0,36,28
2015,Matt Bryant,ATL,40,K,11,0,1,1,4,4,4,3,9,6,,,18,14,47,0.778,26,26,1,,,,,,,,,,,29
2015,Nick Folk,NYJ,31,K,8,0,,,2,2,6,6,6,3,2,2,16,13,55,0.813,19,19,1,39,2466,13,0.333,63.2,,,,,,30
2015,Andrew Franks,MIA,22,K,16,0,1,1,3,3,4,4,6,4,2,1,16,13,53,0.813,36,33,0.917,66,4133,44,0.667,62.6,,,,,,31
2015,Ryan Succop,TEN,29,K,16,0,,,3,3,3,3,7,7,3,1,16,14,51,0.875,31,29,0.935,66,4272,43,0.652,64.7,,,,,,32
2015,Kai Forbath,2TM,28,K,11,0,,,3,2,4,3,5,3,3,2,15,10,57,0.667,35,34,0.971,52,3410,22,0.423,65.6,,,,,,33
2015,Zach Hocker,2TM,24,K,8,0,,,3,3,6,5,3,1,2,1,14,10,51,0.714,13,12,0.923,12,777,9,0.75,64.8,1,43,43,0,43,34
2015,Shayne Graham,ATL,38,K,5,0,,,2,2,4,4,4,2,3,3,13,11,54,0.846,8,8,1,,,,,,,,,,,35
2015,Kyle Brindza,TAM,22,K,4,0,,,2,1,3,2,3,1,4,2,12,6,58,0.5,8,6,0.75,18,1131,12,0.667,62.8,,,,,,36
2015,Josh Scobee,PIT,33,K,4,0,,,2,2,1,1,7,3,,,10,6,45,0.6,7,6,0.857,20,1251,12,0.6,62.6,,,,,,37
2015,Cody Parkey,PHI,23,K,3,0,,,1,1,1,1,2,1,,,4,3,46,0.75,7,7,1,13,754,3,0.231,58,,,,,,38