player,first,last,name,position,week1-pred,week1-act,week1-diff,week1-pct,rank-pred,rank-act
JK-2250,Jake,Kumerow,Jake Kumerow,WR,749.0,27.9,721.7509322386387,0.96278267817705,1.0,322.0
TG-1950,Todd,Gurley,Todd Gurley,RB,344.0,188.40000000000003,156.07953145551838,0.4530879695407169,2.0,43.0
RW-3850,Russell,Wilson,Russell Wilson,QB,306.0,333.64,-26.917142857142835,-0.08775721218782886,3.0,4.0
SB-0212,Saquon,Barkley,Saquon Barkley,RB,304.0,196.1,108.70000000000002,0.3566272965879266,4.0,36.0
AR-1300,Aaron,Rodgers,Aaron Rodgers,QB,295.0,282.38,13.352208040567632,0.04514965795925758,5.0,11.0
DP-2037,Dak,Prescott,Dak Prescott,QB,281.0,344.74,-63.259999999999934,-0.2247406565297709,6.0,3.0
KC-2350,Kirk,Cousins,Kirk Cousins,QB,279.0,250.38000000000005,29.12139278483767,0.10419051044677813,7.0,18.0
MR-2500,Matt,Ryan,Matt Ryan,QB,278.0,269.34,9.025682631198663,0.03242383380697332,8.0,14.0
PR-0300,Philip,Rivers,Philip Rivers,QB,275.0,240.5,35.30369051399458,0.12800296634247987,9.0,23.0
TB-2300,Tom,Brady,Tom Brady,QB,261.0,265.68,-3.972313893289311,-0.015178438021379354,10.0,15.0
AK-0050,Alvin,Kamara,Alvin Kamara,RB,258.0,169.51999999999995,88.78000000000004,0.3437088656600853,11.0,55.0
DB-3800,Drew,Brees,Drew Brees,QB,258.0,227.76,30.73357895970784,0.11889494154320318,11.0,27.0
DW-1725,Deshaun,Watson,Deshaun Watson,QB,254.0,323.98,-69.20000000000005,-0.2716068765209202,13.0,5.0
CK-0250,Case,Keenum,Case Keenum,QB,251.0,105.48,146.3265878436422,0.5811070675184353,14.0,133.0
CN-0500,Cam,Newton,Cam Newton,QB,249.0,16.68,232.97867724818025,0.9331887832465812,15.0,387.0
DA-0212,Davante,Adams,Davante Adams,WR,248.0,129.7,118.56545442061001,0.4775753223391969,16.0,98.0
BM-0650,Baker,Mayfield,Baker Mayfield,QB,244.0,233.18,10.919999999999987,0.04473576403113473,17.0,24.0
EE-0250,Ezekiel,Elliott,Ezekiel Elliott,RB,242.0,257.6,-14.700000000000017,-0.060518731988472685,18.0,16.0
JW-5650,Jameis,Winston,Jameis Winston,QB,240.0,308.36,-68.00398539313511,-0.28293024205932576,19.0,6.0
DH-3950,DeAndre,Hopkins,DeAndre Hopkins,WR,238.0,166.54000000000005,71.55307530701265,0.3005256461774348,20.0,57.0
BR-1100,Ben,Roethlisberger,Ben Roethlisberger,QB,237.0,12.739999999999998,224.89458781938785,0.9463882757265836,21.0,406.0
CW-1425,Carson,Wentz,Carson Wentz,QB,232.0,279.86,-47.06666666666664,-0.2021821930754029,22.0,12.0
KH-2850,Kareem,Hunt,Kareem Hunt,RB,228.0,60.8,167.40000000000003,0.733567046450482,23.0,223.0
EM-0200,Eli,Manning,Eli Manning,QB,226.0,56.38,169.8421122382359,0.7507759102672249,24.0,233.0
DC-0725,Derek,Carr,Derek Carr,QB,219.0,249.40000000000003,-30.35240596016203,-0.13856534737670692,25.0,20.0
JJ-4700,Julio,Jones,Julio Jones,WR,219.0,177.1,42.213103368802884,0.19247871066698727,25.0,47.0
PM-0025,Patrick,Mahomes,Patrick Mahomes,QB,217.0,296.04,-78.82000000000002,-0.3628579320504559,27.0,7.0
MM-0912,Marcus,Mariota,Marcus Mariota,QB,215.0,87.02000000000002,128.26223428125817,0.5957864322129264,28.0,163.0
CM-1225,Christian,McCaffrey,Christian McCaffrey,RB,214.0,363.2,-149.14999999999995,-0.6967998131277735,29.0,2.0
JA-1087,Josh,Allen,Josh Allen,QB,210.0,291.56,-81.5,-0.38798438541369135,30.0,8.0
JG-1850,Jared,Goff,Jared Goff,QB,210.0,249.56,-38.97999999999996,-0.1851077975116343,30.0,19.0
AB-3500,Antonio,Brown,Antonio Brown,WR,200.0,12.1,188.8023736654383,0.9397717419698084,32.0,411.0
MT-1800,Mitchell,Trubisky,Mitchell Trubisky,QB,200.0,202.82,-2.55000000000004,-0.012732810705547713,32.0,35.0
JW-2550,James,White,James White,RB,199.0,122.20000000000002,77.40960987813756,0.38780502564679337,34.0,110.0
AT-0350,Adam,Thielen,Adam Thielen,WR,199.0,84.4,115.08404938924429,0.5769085284843297,34.0,173.0
TH-1750,Tyreek,Hill,Tyreek Hill,WR,199.0,138.29999999999998,60.766666666666744,0.3052578700602816,34.0,86.0
DC-1050,DeAndre,Carter,DeAndre Carter,WR,192.0,14.2,178.24340871266568,0.9262120740066406,37.0,397.0
MS-4100,Matthew,Stafford,Matthew Stafford,QB,192.0,170.56,22.36262063501843,0.1159149744151841,37.0,53.0
LM-1000,LeSean,McCoy,LeSean McCoy,RB,191.0,90.59999999999998,101.13399991013313,0.5274703493252905,39.0,156.0
PL-0275,Phillip,Lindsay,Phillip Lindsay,RB,191.0,162.7,29.100000000000023,0.15172054223149126,39.0,60.0
JF-1900,Joe,Flacco,Joe Flacco,QB,191.0,85.88,106.08856830541076,0.5526350966822343,39.0,169.0
ZZ-0100,Zach,Zenner,Zach Zenner,RB,188.0,1.7,187.0190513441913,0.9909919004578956,42.0,529.0
BC-2325,Brandin,Cooks,Brandin Cooks,WR,187.0,75.5,112.38090066567476,0.5981496802894899,43.0,186.0
AD-0100,Andy,Dalton,Andy Dalton,QB,186.0,205.62000000000003,-19.42588171776552,-0.10433133923338876,44.0,34.0
JE-0100,Julian,Edelman,Julian Edelman,WR,185.0,154.28,31.234378336340427,0.16836634775398387,45.0,68.0
NF-0250,Nick,Foles,Nick Foles,QB,183.0,40.74,143.25088712861114,0.7785759901710653,46.0,284.0
NC-0175,Nick,Chubb,Nick Chubb,RB,180.0,221.2,-40.69999999999999,-0.22548476454293626,47.0,30.0
JH-5575,Jordan,Howard,Jordan Howard,RB,179.0,101.4,77.86666666666666,0.4343622164373373,48.0,142.0
BP-0450,Breshad,Perriman,Breshad Perriman,WR,177.0,102.1,75.6720434622103,0.4256689746512151,49.0,139.0
ME-0600,Mike,Evans,Mike Evans,WR,174.0,169.7,5.159999999999968,0.0295093217431086,50.0,54.0
RT-0150,Ryan,Tannehill,Ryan Tannehill,QB,171.0,231.18,-59.53642373012008,-0.3468607740758636,51.0,26.0
SD-0175,Sam,Darnold,Sam Darnold,QB,170.0,190.16,-19.760000000000048,-0.1159624413145543,52.0,41.0
MT-0875,Michael,Thomas,Michael Thomas,WR,170.0,225.6,-54.700000000000045,-0.3200702165008781,52.0,28.0
DJ-1325,David,Johnson,David Johnson,RB,169.0,105.5,64.09813559432996,0.37794127494213386,54.0,132.0
JS-4750,Juju,Smith-Schuster,Juju Smith-Schuster,WR,165.0,73.19999999999997,92.60000000000002,0.5585042219541617,55.0,195.0
KA-0650,Keenan,Allen,Keenan Allen,WR,164.0,157.49999999999994,7.248824307324356,0.04399924756854299,56.0,62.0
KM-3500,Kyler,Murray,Kyler Murray,QB,162.0,288.28,-125.42758300781249,-0.7701917191307611,57.0,9.0
DJ-2275,Daniel,Jones,Daniel Jones,QB,159.0,217.98,-58.17122314453127,-0.3640051835021639,58.0,32.0
LJ-0150,Lamar,Jackson,Lamar Jackson,QB,158.0,424.38000000000005,-265.84000000000003,-1.6768008073672265,59.0,1.0
TK-0150,Travis,Kelce,Travis Kelce,TE,158.0,157.3,0.7973652092378245,0.005043507260114879,59.0,63.0
FG-0200,Frank,Gore,Frank Gore,RB,157.0,81.89999999999998,75.22182117969176,0.4787484043585813,61.0,175.0
LF-0200,Larry,Fitzgerald,Larry Fitzgerald,WR,156.0,102.4,53.65466666666667,0.3438196871181894,62.0,137.0
TH-1850,T.Y.,Hilton,T.Y. Hilton,WR,156.0,80.1,76.64169724676894,0.4889681469131139,62.0,178.0
JM-5275,Joe,Mixon,Joe Mixon,RB,155.0,190.5,-34.65000000000001,-0.22232916265640046,64.0,40.0
NA-0050,Nelson,Agholor,Nelson Agholor,WR,154.0,55.0,99.15733655320514,0.6432216511406997,65.0,238.0
AP-0700,Adrian,Peterson,Adrian Peterson,RB,153.0,130.0,23.731095759438464,0.1543675704788663,66.0,97.0
LF-0650,Leonard,Fournette,Leonard Fournette,RB,148.0,183.4,-35.099999999999994,-0.236682400539447,67.0,45.0
CA-0750,C.J.,Anderson,C.J. Anderson,RB,148.0,4.3,144.29293445461187,0.9710618811332954,67.0,485.0
CR-0862,Calvin,Ridley,Calvin Ridley,WR,148.0,134.0,14.800000000000011,0.09946236559139793,67.0,92.0
LM-1850,Latavius,Murray,Latavius Murray,RB,145.0,123.20000000000003,22.153401686251517,0.1524106173591321,70.0,109.0
AC-2350,Amari,Cooper,Amari Cooper,WR,141.0,171.50000000000003,-30.161301549144103,-0.2133973347690853,71.0,51.0
CHI,Chicago,Bears,Chicago Bears,DF,139.9555107878528,90.0,49.955510787852795,0.35693850500518204,72.0,159.0
BAL,Baltimore,Ravens,Baltimore Ravens,DF,139.86842105263156,135.0,4.868421052631562,0.03480714957666968,73.0,89.0
JL-0215,Jarvis,Landry,Jarvis Landry,WR,138.0,156.4,-17.564000000000018,-0.12650897461753452,74.0,66.0
DH-2450,Derrick,Henry,Derrick Henry,RB,137.0,284.5,-146.81333333333333,-1.0662857696218466,75.0,10.0
NE,New England,Patriots,New England Patriots,DF,135.1011947751648,189.0,-53.89880522483521,-0.39895135875395854,76.0,42.0
MI-0100,Mark,Ingram,Mark Ingram,RB,133.0,216.00000000000003,-82.4743300560503,-0.617666476346239,77.0,33.0
DJ-0200,DeSean,Jackson,DeSean Jackson,WR,133.0,31.9,101.61805255611469,0.7610809969940721,77.0,309.0
SM-2625,Sony,Michel,Sony Michel,RB,132.0,140.8,-8.699999999999989,-0.06585919757759262,79.0,80.0
TC-1975,Tarik,Cohen,Tarik Cohen,RB,131.0,82.89999999999998,48.14000000000003,0.3673687423687425,80.0,174.0
PIT,Pittsburgh,Steelers,Pittsburgh Steelers,DF,129.10526315789474,164.0,-34.89473684210526,-0.27028128821850794,81.0,59.0
AJ-0430,Alshon,Jeffery,Alshon Jeffery,WR,129.0,79.2,50.69735709242171,0.3902878259205123,82.0,180.0
AS-0575,Austin,Seibert,Austin Seibert,K,127.0,112.0,15.132736206054688,0.11903099593111716,83.0,123.0
SD-0537,Stefon,Diggs,Stefon Diggs,WR,127.0,158.99999999999997,-31.225000000000023,-0.2443748777147332,83.0,61.0
PHI,Philadelphia,Eagles,Philadelphia Eagles,DF,126.52631578947368,106.0,20.526315789473685,0.1622296173044925,85.0,131.0
TH-1875,T.J.,Hockenson,T.J. Hockenson,TE,126.0,48.70000000000001,77.94855957031248,0.6154713471260378,86.0,258.0
TC-2050,Tevin,Coleman,Tevin Coleman,RB,126.0,116.4,10.349999999999953,0.08165680473372748,86.0,117.0
GB,Green Bay,Packers,Green Bay Packers,DF,125.7894736842105,104.0,21.78947368421052,0.1732217573221757,88.0,136.0
SEA,Seattle,Seahawks,Seattle Seahawks,DF,125.10526315789473,112.0,13.10526315789474,0.10475389145982332,89.0,123.0
DL-1700,Dion,Lewis,Dion Lewis,RB,125.0,41.3,83.75818357850584,0.6697537192832028,90.0,281.0
MG-1150,Melvin,Gordon,Melvin Gordon,RB,124.0,138.8,-13.973091052482657,-0.1119397345516066,91.0,84.0
DW-3125,Damien,Williams,Damien Williams,RB,122.0,115.1,7.362317443114763,0.06011904393802321,92.0,119.0
MM-0050,Marlon,Mack,Marlon Mack,RB,121.0,169.3,-47.6,-0.391125718981101,93.0,56.0
CAR,Carolina,Panthers,Carolina Panthers,DF,121.0,93.0,28.0,0.231404958677686,93.0,149.0
GK-0075,George,Kittle,George Kittle,TE,120.0,139.50000000000003,-19.400000000000006,-0.16153205661948378,95.0,83.0
RF-0500,Ryan,Fitzpatrick,Ryan Fitzpatrick,QB,120.0,242.46000000000004,-122.13492731144385,-1.0150413756871122,95.0,21.0
MP-2350,MyCole,Pruitt,MyCole Pruitt,TE,119.0,15.0,104.72457917708648,0.8747124433169795,97.0,393.0
JC-4075,James,Conner,James Conner,RB,119.0,111.5,8.200000000000045,0.06850459482038465,97.0,126.0
DEN,Denver,Broncos,Denver Broncos,DF,118.95070572868343,92.0,26.950705728683428,0.2265703726899757,99.0,150.0
MD-0150,Mike,Davis,Mike Davis,RB,117.0,4.9,112.72770419467848,0.9583431468500796,100.0,477.0
NYG,New York,Giants,New York Giants,DF,115.42254075168732,71.0,44.422540751687315,0.3848688519797457,101.0,201.0
ARI,Arizona,Cardinals,Arizona Cardinals,DF,115.15789473684212,63.0,52.15789473684211,0.4529250457038391,102.0,217.0
MIA,Miami,Dolphins,Miami Dolphins,DF,114.68421052631578,41.0,73.68421052631578,0.6424965580541533,103.0,282.0
JR-3250,Josh,Rosen,Josh Rosen,QB,114.0,17.979999999999997,96.94,0.8435433344935608,104.0,379.0
ZE-0100,Zach,Ertz,Zach Ertz,TE,114.0,127.6,-13.294248257460664,-0.11630428088522128,104.0,101.0
TL-1025,Tyler,Lockett,Tyler Lockett,WR,114.0,155.2,-40.650000000000034,-0.35486687036228765,104.0,67.0
TEN,Tennessee,Titans,Tennessee Titans,DF,113.93248301631769,127.0,-13.067516983682324,-0.1146952707228435,107.0,102.0
GB-0350,Giovani,Bernard,Giovani Bernard,RB,113.0,38.4,74.7024060128082,0.6604846761999792,108.0,289.0
LA,Los Angeles,Rams,Los Angeles Rams,DF,113.0,133.0,-20.00000000000001,-0.17699115044247798,108.0,94.0
EE-0050,Eric,Ebron,Eric Ebron,TE,112.0,57.50000000000001,54.750422275772856,0.487752483828203,110.0,227.0
MIN,Minnesota,Vikings,Minnesota Vikings,DF,111.89473684210527,143.0,-31.10526315789474,-0.27798682972718725,111.0,78.0
LAC,Los Angeles,Chargers,Los Angeles Chargers,DF,111.89473684210527,74.0,37.89473684210526,0.3386641580432737,111.0,191.0
BUF,Buffalo,Bills,Buffalo Bills,DF,111.64584909855594,122.0,-10.35415090144403,-0.09274102875337396,113.0,111.0
KC,Kansas City,Chiefs,Kansas City Chiefs,DF,111.10526315789473,126.0,-14.89473684210526,-0.13405968735196586,114.0,104.0
MJ-2250,Marvin,Jones,Marvin Jones,WR,111.0,131.90000000000003,-20.642825424334887,-0.18554152128226,115.0,95.0
CIN,Cincinnati,Bengals,Cincinnati Bengals,DF,109.31578947368419,63.0,46.31578947368421,0.4236880115551276,116.0,217.0
IND,Indianapolis,Colts,Indianapolis Colts,DF,109.05263157894736,102.0,7.052631578947357,0.06467181467181456,117.0,140.0
MB-3537,Matt,Breida,Matt Breida,RB,109.0,86.3,23.699999999999992,0.21545454545454534,118.0,167.0
RA-1125,Robby,Anderson,Robby Anderson,WR,109.0,112.19999999999996,-2.7666666666666515,-0.025281754492841774,118.0,122.0
AJ-1143,Aaron,Jones,Aaron Jones,RB,109.0,269.8,-160.60000000000005,-1.4706959706959708,118.0,13.0
JAC,Jacksonville,Jaguars,Jacksonville Jaguars,DF,108.3632498664428,100.0,8.3632498664428,0.0771779166530209,121.0,144.0
MC-2900,Michael,Crabtree,Michael Crabtree,WR,108.0,2.2,105.96536097705021,0.9796607714324848,122.0,515.0
CK-1300,Cooper,Kupp,Cooper Kupp,WR,108.0,178.6,-70.6,-0.6537037037037037,122.0,46.0
SS-1250,Sterling,Shepard,Sterling Shepard,WR,108.0,84.80000000000003,23.666666666666647,0.21819299323909014,122.0,172.0
ATL,Atlanta,Falcons,Atlanta Falcons,DF,107.94736842105264,67.0,40.94736842105263,0.3793271574841541,125.0,211.0
MB-4075,Marquise,Brown,Marquise Brown,WR,107.0,104.39999999999998,2.7045913696289294,0.025251871418799476,126.0,135.0
KJ-0587,Kerryon,Johnson,Kerryon Johnson,RB,107.0,75.0,32.40000000000002,0.3016759776536314,126.0,188.0
CC-0750,Chris,Carson,Chris Carson,RB,107.0,195.8,-88.74999999999996,-0.8290518449322742,126.0,37.0
KS-2350,Kenny,Stills,Kenny Stills,WR,106.0,80.10000000000002,26.68666666666667,0.24990635535023095,129.0,177.0
NO,New Orleans,Saints,New Orleans Saints,DF,105.73684210526315,125.0,-19.263157894736853,-0.1821801891488304,130.0,105.0
DJ-1850,Duke,Johnson,Duke Johnson,RB,105.0,110.0,-4.100000000000051,-0.03871576959395706,131.0,128.0
DET,Detroit,Lions,Detroit Lions,DF,104.68421052631581,74.0,30.6842105263158,0.2931121166415284,132.0,191.0
DAL,Dallas,Cowboys,Dallas Cowboys,DF,104.42105263157896,92.0,12.421052631578947,0.11895161290322577,133.0,150.0
SF,San Francisco,49ers,San Francisco 49ers,DF,104.0,140.0,-36.00000000000001,-0.3461538461538463,134.0,81.0
DM-2850,D.J.,Moore,D.J. Moore,WR,104.0,147.5,-43.49999999999999,-0.41826923076923056,134.0,74.0
JW-3650,Jamaal,Williams,Jamaal Williams,RB,103.0,107.3,-3.7000000000000313,-0.035714285714286025,136.0,130.0
JJ-0587,Josh,Jacobs,Josh Jacobs,RB,103.0,171.60000000000005,-68.33223876953127,-0.6616996239226121,136.0,50.0
KG-0650,Kenny,Golladay,Kenny Golladay,WR,103.0,191.00000000000003,-87.15000000000002,-0.8391911410688494,136.0,39.0
HOU,Houston,Texans,Houston Texans,DF,102.41176470588232,91.0,11.411764705882321,0.11143021252153903,139.0,154.0
AE-0550,Austin,Ekeler,Austin Ekeler,RB,102.0,223.0,-120.14999999999998,-1.1682061254253764,140.0,29.0
KD-1462,Kenyan,Drake,Kenyan Drake,RB,102.0,166.20000000000005,-63.53333333333339,-0.6188311688311694,140.0,58.0
WAS,Washington,Redskins,Washington Redskins,DF,99.26315789473685,79.0,20.263157894736853,0.20413573700954407,142.0,181.0
RW-4050,Robert,Woods,Robert Woods,WR,99.0,142.9,-43.23566400389247,-0.4338127934307521,143.0,79.0
JG-2900,Jimmy,Graham,Jimmy Graham,TE,99.0,62.70000000000001,36.935540348605755,0.370706479027216,143.0,219.0
CLE,Cleveland,Browns,Cleveland Browns,DF,98.9736842105263,88.0,10.973684210526303,0.11087476734910914,145.0,161.0
TB,Tampa Bay,Buccaneers,Tampa Bay Buccaneers,DF,97.97005005097851,129.0,-31.0299499490215,-0.3167289384140881,146.0,100.0
NH-1237,Nyheim,Hines,Nyheim Hines,RB,97.0,73.9,24.00000000000001,0.2451481103166497,147.0,193.0
MG-0306,Matt,Gay,Matt Gay,K,97.0,140.0,-42.90208435058594,-0.4418435150090148,147.0,81.0
DH-1912,Dwayne,Haskins,Dwayne Haskins,QB,96.0,79.69999999999997,16.725445556640633,0.17345468781698348,149.0,179.0
AM-2850,Alfred,Morris,Alfred Morris,RB,96.0,0.4,95.6738881495618,0.9958365378178792,149.0,572.0
CS-4462,Courtland,Sutton,Courtland Sutton,WR,96.0,152.42,-56.11999999999999,-0.5827622014537902,149.0,70.0
MS-0150,Mohamed,Sanu,Mohamed Sanu,WR,96.0,65.1,30.933655882135678,0.3221126551726956,149.0,214.0
EE-0400,Evan,Engram,Evan Engram,TE,95.0,67.4,28.05,0.2938711367207962,153.0,210.0
GT-0100,Golden,Tate,Golden Tate,WR,95.0,111.2,-15.90084907281971,-0.16685194902701514,153.0,127.0
AW-1650,Albert,Wilson,Albert Wilson,WR,93.0,46.40000000000001,46.63133944997266,0.5012433414983617,155.0,265.0
JB-6950,John,Brown,John Brown,WR,92.0,151.82000000000005,-59.22000000000003,-0.6395248380129593,156.0,71.0
CG-1425,Chris,Godwin,Chris Godwin,WR,92.0,192.1,-99.75,-1.0801299404439628,156.0,38.0
AC-0237,Antonio,Callaway,Antonio Callaway,WR,91.0,8.9,82.4,0.9025191675794084,158.0,440.0
MG-1050,Marquise,Goodwin,Marquise Goodwin,WR,91.0,26.1,64.96074556997914,0.7133781429458816,158.0,333.0
NYJ,New York,Jets,New York Jets,DF,90.12069968512604,115.0,-24.879300314873966,-0.2760664353672365,160.0,120.0
JC-4300,Jared,Cook,Jared Cook,TE,90.0,126.50000000000004,-35.78100296569731,-0.3944157688622569,161.0,103.0
AM-1975,Anthony,Miller,Anthony Miller,WR,89.0,75.5,13.72,0.1537771800044833,162.0,186.0
GE-0150,Gus,Edwards,Gus Edwards,RB,87.0,87.60000000000002,0.20000000000000284,0.0022779043280182552,163.0,162.0
DF-2200,Devin,Funchess,Devin Funchess,WR,87.0,3.2,84.12499999999996,0.9633552819925564,163.0,494.0
RF-1400,Royce,Freeman,Royce Freeman,RB,87.0,99.20000000000002,-11.90000000000002,-0.13631156930126026,163.0,146.0
JA-1975,J.J.,Arcega-Whiteside,J.J. Arcega-Whiteside,WR,86.0,22.9,64.07395324707029,0.7367027811769452,166.0,353.0
ES-0200,Emmanuel,Sanders,Emmanuel Sanders,WR,85.0,123.79999999999998,-38.6254463256103,-0.4534857496673236,167.0,108.0
LB-0250,Le'Veon,Bell,Le'Veon Bell,RB,84.0,149.0,-64.337302579278,-0.7599250264796175,168.0,73.0
CK-0825,Christian,Kirk,Christian Kirk,WR,84.0,102.2,-17.700000000000006,-0.2094674556213018,168.0,138.0
KR-1200,Kyle,Rudolph,Kyle Rudolph,TE,84.0,74.69999999999997,9.963924929496416,0.11768796376725787,168.0,189.0
DL-1787,Drew,Lock,Drew Lock,QB,83.0,68.0,15.323020935058596,0.18389900849851876,171.0,207.0
TB-2075,Tyler,Boyd,Tyler Boyd,WR,83.0,134.8,-50.90000000000003,-0.6066746126340887,171.0,90.0
TG-0025,Taylor,Gabriel,Taylor Gabriel,WR,83.0,61.3,22.58099366633036,0.26920274402274186,171.0,222.0
DC-3550,Dalvin,Cook,Dalvin Cook,RB,83.0,241.4,-158.2,-1.9014423076923077,171.0,22.0
DH-2325,Darrell,Henderson,Darrell Henderson,RB,82.0,18.4,63.74710235595703,0.7760115759132958,175.0,377.0
WF-0300,Will,Fuller,Will Fuller,WR,82.0,86.99999999999999,-4.766666666666636,-0.057965139845966386,175.0,165.0
OH-0250,O.J.,Howard,O.J. Howard,TE,82.0,49.9,32.950000000000024,0.3977066988533496,175.0,252.0
RF-0450,Ryan,Finley,Ryan Finley,QB,81.0,24.66,56.89775451660157,0.6976375803115041,178.0,343.0
JR-2075,Jalen,Richard,Jalen Richard,RB,80.0,46.8,33.26666666666668,0.4154870940882599,179.0,263.0
JB-5725,Jacoby,Brissett,Jacoby Brissett,QB,80.0,220.68000000000004,-140.1466666666667,-1.740231788079471,179.0,31.0
BB-2425,Blake,Bortles,Blake Bortles,QB,79.0,-0.78,79.84805066827032,1.009864920070845,181.0,608.0
CD-0975,Corey,Davis,Corey Davis,WR,78.0,72.1,5.950000000000031,0.07623318385650261,182.0,198.0
DS-3300,Darren,Sproles,Darren Sproles,RB,78.0,11.000000000000002,67.98461719672025,0.8607323756143144,182.0,417.0
DS-0150,Deebo,Samuel,Deebo Samuel,WR,78.0,134.2,-55.31021423339842,-0.7011074208901492,182.0,91.0
DP-1263,Dante,Pettis,Dante Pettis,WR,78.0,23.54,54.96,0.7001273885350319,182.0,348.0
DM-2775,Donte,Moncrief,Donte Moncrief,WR,78.0,1.8,76.58,0.9770349578974228,182.0,524.0
DW-2275,Dede,Westbrook,Dede Westbrook,WR,77.0,90.7,-13.0,-0.1673101673101673,187.0,155.0
PB-0125,Peyton,Barber,Peyton Barber,RB,77.0,100.49999999999996,-22.799999999999965,-0.293436293436293,187.0,143.0
JC-5680,Jamison,Crowder,Jamison Crowder,WR,77.0,119.8,-42.65277604052136,-0.5528750595475037,187.0,112.0
CB-2775,Cameron,Brate,Cameron Brate,TE,77.0,55.1,22.172902333449038,0.28694279189577016,187.0,237.0
ZJ-0100,Zay,Jones,Zay Jones,WR,76.0,21.9,54.50000000000001,0.7133507853403142,191.0,360.0
AR-1250,Allen,Robinson,Allen Robinson,WR,76.0,156.9,-80.84821712826472,-1.063068005448588,191.0,65.0
TA-1050,Tavon,Austin,Tavon Austin,WR,76.0,36.4,40.51898835203186,0.5267748474094632,191.0,296.0
DS-2177,Devin,Singletary,Devin Singletary,RB,76.0,118.9,-42.4099868774414,-0.5544512956153979,191.0,113.0
RF-1075,Robert,Foster,Robert Foster,WR,76.0,9.3,66.8,0.8777923784494087,191.0,433.0
MW-2825,Mike,Williams,Mike Williams,WR,75.0,114.29999999999998,-38.94999999999999,-0.5169210351692103,196.0,121.0
MA-1050,Mark,Andrews,Mark Andrews,TE,75.0,143.20000000000005,-68.0,-0.904255319148936,196.0,77.0
AH-3862,Adam,Humphries,Adam Humphries,WR,75.0,49.5,26.17335525868296,0.3458727998674244,196.0,255.0
DN-1225,David,Njoku,David Njoku,TE,75.0,10.1,65.19999999999999,0.8658698539176627,196.0,423.0
CH-2950,Chris,Herndon,Chris Herndon,TE,74.0,0.7,73.5,0.9905660377358492,200.0,563.0
DB-2950,Devontae,Booker,Devontae Booker,RB,74.0,6.6,68.36666666666667,0.9119608714984438,200.0,456.0
MV-0012,Marquez,Valdes-Scantling,Marquez Valdes-Scantling,WR,74.0,62.1,12.899999999999983,0.17199999999999982,200.0,220.0
DI-0075,Dontrelle,Inman,Dontrelle Inman,WR,74.0,18.1,55.91337057636309,0.7554495916204036,200.0,378.0
TS-2425,Tre'Quan,Smith,Tre'Quan Smith,WR,74.0,53.4,21.300000000000004,0.28514056224899603,200.0,241.0
JA-0275,Josh,Adams,Josh Adams,RB,74.0,1.2,73.69999999999997,0.9839786381842456,200.0,542.0
CB-1130,Cole,Beasley,Cole Beasley,WR,72.0,117.8,-45.04040366529613,-0.6190304225727731,206.0,114.0
MS-0125,Miles,Sanders,Miles Sanders,RB,72.0,170.7,-97.8583786010742,-1.343440422133675,206.0,52.0
AB-3150,A.J.,Brown,A.J. Brown,WR,71.0,175.10000000000005,-103.60118255615237,-1.4489915534269733,208.0,49.0
TW-2875,Tyrell,Williams,Tyrell Williams,WR,71.0,105.1,-33.83380258627915,-0.47475246069134497,208.0,134.0
KC-1550,Keelan,Cole,Keelan Cole,WR,71.0,54.7,17.249999999999982,0.2397498262682417,208.0,240.0
AH-3650,Austin,Hooper,Austin Hooper,TE,71.0,116.7,-45.46666666666668,-0.6382779597566686,208.0,116.0
NH-0825,N'Keal,Harry,N'Keal Harry,WR,71.0,27.4,43.93536529541016,0.6158987917629272,208.0,325.0
DM-2787,David,Montgomery,David Montgomery,RB,71.0,145.4,-73.62420501708985,-1.0257525539719874,208.0,75.0
CC-2350,Corey,Clement,Corey Clement,RB,70.0,-4.0,74.75,1.0565371024734982,214.0,615.0
IS-0250,Ito,Smith,Ito Smith,RB,70.0,25.3,45.40000000000002,0.6421499292786422,214.0,339.0
SR-0750,Seth,Roberts,Seth Roberts,WR,70.0,39.1,31.015262737311854,0.4423468090465713,214.0,288.0
TB-1060,Travis,Benjamin,Travis Benjamin,WR,68.0,3.0,65.27830601286763,0.9560621788209768,217.0,498.0
VD-0100,Vernon,Davis,Vernon Davis,TE,67.0,20.3,47.056765321424926,0.6986197317651929,218.0,367.0
CU-0150,C.J.,Uzomah,C.J. Uzomah,TE,67.0,36.2,31.59764373986865,0.4660581400307212,218.0,298.0
MG-0175,Michael,Gallup,Michael Gallup,WR,66.0,150.7,-83.99999999999999,-1.2593703148425786,220.0,72.0
OAK,Oakland,Raiders,Oakland Raiders,DF,65.90240825135145,66.0,-0.09759174864855424,-0.0014808525399609045,221.0,213.0
GO-0100,Greg,Olsen,Greg Olsen,TE,65.0,71.70000000000002,-6.598276849140277,-0.10135333643704236,222.0,199.0
TG-0900,Ted,Ginn,Ted Ginn,WR,65.0,55.9,9.937074569624436,0.1509343274223966,222.0,234.0
NM-0687,Nick,Mullens,Nick Mullens,QB,64.0,-0.3,64.54,1.0046699875466998,224.0,605.0
JG-0650,Jimmy,Garoppolo,Jimmy Garoppolo,QB,64.0,252.36,-188.1547070857236,-2.9305170733655594,224.0,17.0
JS-0280,Jaylen,Samuels,Jaylen Samuels,RB,63.0,57.4,6.100000000000001,0.09606299212598428,226.0,228.0
CP-0750,Cordarrelle,Patterson,Cordarrelle Patterson,WR,63.0,24.600000000000005,39.1128461556649,0.6138926215931927,226.0,344.0
WG-0750,Will,Grier,Will Grier,QB,63.0,1.3200000000000005,61.84603469848633,0.979102693301854,226.0,539.0
DH-1362,Damien,Harris,Damien Harris,RB,62.0,1.2,61.11317138671875,0.9807424341708956,229.0,542.0
RP-0550,Rashaad,Penny,Rashaad Penny,RB,61.0,69.3,-7.899999999999991,-0.12866449511400638,230.0,205.0
PC-0050,Parris,Campbell,Parris Campbell,WR,61.0,20.1,41.56662216186525,0.6740538188188638,230.0,368.0
CM-2137,Chase,McLaughlin,Chase McLaughlin,K,61.0,87.0,-25.455829620361328,-0.4136188604596603,230.0,164.0
SW-0450,Sammy,Watkins,Sammy Watkins,WR,61.0,90.5,-28.99299070765795,-0.4713770193223774,230.0,157.0
JM-1550,Jordan,Matthews,Jordan Matthews,WR,61.0,3.3000000000000003,58.31023908181757,0.9464374745305298,230.0,493.0
DJ-1675,Diontae,Johnson,Diontae Johnson,WR,60.0,108.1,-47.934003448486344,-0.7966959112435809,235.0,129.0
DT-0900,Demaryius,Thomas,Demaryius Thomas,WR,60.0,49.3,10.786257972992372,0.17951289257920824,235.0,256.0
TJ-2350,T.J.,Jones,T.J. Jones,WR,59.0,9.8,50.016151269183204,0.8361646513180316,237.0,425.0
AM-0825,Alexander,Mattison,Alexander Mattison,RB,59.0,58.4,1.165525054931642,0.019567107884246614,237.0,225.0
HH-0225,Hunter,Henry,Hunter Henry,TE,58.0,95.20000000000002,-36.63333333333336,-0.6254980079681279,239.0,147.0
JM-2900,Josh,McCown,Josh McCown,QB,58.0,0.76,57.502192986823246,0.9869555201917668,239.0,562.0
JS-6787,Jarrett,Stidham,Jarrett Stidham,QB,58.0,-1.64,60.21186889648438,1.0279997895047266,239.0,610.0
CS-0050,Curtis,Samuel,Curtis Samuel,WR,58.0,117.7,-58.85000000000001,-1.0000000000000002,239.0,115.0
JH-4085,Justice,Hill,Justice Hill,RB,58.0,41.5,17.004039764404293,0.29064727551942643,239.0,279.0
CH-3350,Chris,Hogan,Chris Hogan,WR,57.0,6.700000000000001,51.07590984815692,0.8840347124327678,244.0,454.0
DG-1287,Dallas,Goedert,Dallas Goedert,TE,57.0,86.7,-29.300000000000004,-0.510452961672474,244.0,166.0
SW-0350,Spencer,Ware,Spencer Ware,RB,57.0,7.300000000000002,49.86302658442584,0.8722950753977591,244.0,450.0
WS-0650,Wendell,Smallwood,Wendell Smallwood,RB,57.0,14.500000000000002,42.76666666666666,0.7467986030267753,244.0,396.0
CC-2100,Charles,Clay,Charles Clay,TE,57.0,29.700000000000006,28.120897130199157,0.4863448774735795,244.0,316.0
TM-3150,Ty,Montgomery,Ty Montgomery,RB,57.0,19.3,38.520989428192095,0.666211177102587,244.0,373.0
GC-0350,Garrett,Celek,Garrett Celek,TE,57.0,0.0,57.46145993325607,1.0,244.0,585.0
TM-2275,Terry,McLaurin,Terry McLaurin,WR,56.0,137.9,-81.16705932617188,-1.4306866233643982,251.0,87.0
WS-0925,Willie,Snead,Willie Snead,WR,56.0,66.1,-9.818670496882199,-0.17445697504957267,251.0,212.0
DM-2275,D.K.,Metcalf,D.K. Metcalf,WR,56.0,133.1,-76.93265304565429,-1.369704235953804,251.0,93.0
RR-0650,Riley,Ridley,Riley Ridley,WR,55.0,6.9,48.17966995239258,0.8747269181902521,254.0,453.0
TB-3950,Trey,Burton,Trey Burton,TE,55.0,8.399999999999999,47.475223645282156,0.8496650312609665,254.0,442.0
QO-0200,Qadree,Ollison,Qadree Ollison,RB,55.0,29.7,26.07641296386719,0.4675168512675759,254.0,317.0
GM-1350,Gardner,Minshew,Gardner Minshew,QB,55.0,232.24000000000004,-177.08675979614262,-3.2108133473499376,254.0,25.0
AI-0100,Andy,Isabella,Andy Isabella,WR,54.0,28.40000000000001,26.145402526855463,0.4793328367864323,258.0,320.0
IS-0275,Irv,Smith Jr.,Irv Smith Jr.,TE,54.0,43.1,11.855562591552731,0.215729983144146,258.0,274.0
MH-0875,Mecole,Hardman,Mecole Hardman,WR,54.0,101.5,-46.95459747314453,-0.8608351079639829,258.0,141.0
JS-3825,Joey,Slye,Joey Slye,K,52.0,124.0,-71.63978958129883,-1.368210498170796,261.0,106.0
NF-0175,Noah,Fant,Noah Fant,TE,52.0,73.0,-20.380390167236328,-0.3873154938246321,261.0,196.0
DA-0900,Danny,Amendola,Danny Amendola,WR,52.0,80.56,-27.75568922868115,-0.5256330178966545,261.0,176.0
RB-4670,Rex,Burkhead,Rex Burkhead,RB,51.0,74.10000000000002,-22.479041010484863,-0.4354634522588128,264.0,190.0
AR-1100,Andre,Roberts,Andre Roberts,WR,51.0,2.7,48.32404481842396,0.9470837717862564,264.0,504.0
SS-1525,Scott,Simonson,Scott Simonson,TE,51.0,1.1,50.50307870965413,0.97868344239325,264.0,546.0
WG-0050,Wayne,Gallman,Wayne Gallman,RB,50.0,37.2,13.499999999999993,0.2662721893491123,267.0,292.0
KB-1625,Kendrick,Bourne,Kendrick Bourne,WR,49.0,67.80000000000001,-18.600000000000012,-0.37804878048780505,268.0,208.0
TP-1650,Tony,Pollard,Tony Pollard,RB,48.0,76.2,-27.871100616455077,-0.5766963653623915,269.0,184.0
BS-2950,Benny,Snell Jr.,Benny Snell Jr.,RB,48.0,54.90000000000001,-6.681887054443365,-0.1385762869232963,269.0,239.0
BH-1900,Brian,Hoyer,Brian Hoyer,QB,48.0,21.08,27.471729983307785,0.565823915908921,269.0,364.0
OB-0075,Odell,Beckham Jr.,Odell Beckham Jr.,WR,47.0,129.30000000000004,-82.10403609928196,-1.7396410479505588,272.0,99.0
BW-0700,Benjamin,Watson,Benjamin Watson,TE,47.0,17.299999999999994,30.114390523648748,0.6351318701150166,272.0,383.0
DS-0050,Drew,Sample,Drew Sample,TE,47.0,3.0,44.0508041381836,0.9362391343793128,272.0,498.0
JW-6560,Jarius,Wright,Jarius Wright,WR,47.0,28.89999999999999,18.185714285714305,0.3862257281553401,272.0,319.0
JJ-0575,Justin,Jackson,Justin Jackson,RB,46.0,22.2,23.9,0.5184381778741866,276.0,359.0
DH-1800,Dwayne,Harris,Dwayne Harris,WR,46.0,0.7,45.566154676322796,0.9848701495748416,276.0,563.0
GE-0400,Gerald,Everett,Gerald Everett,TE,45.0,52.79999999999999,-7.149999999999992,-0.1566265060240962,278.0,245.0
IT-0150,Ian,Thomas,Ian Thomas,TE,45.0,19.6,25.700000000000006,0.5673289183222958,278.0,369.0
SP-0825,Samaje,Perine,Samaje Perine,RB,45.0,1.6,43.5,0.9645232815964524,278.0,532.0
JT-1775,Jordan,Thomas,Jordan Thomas,TE,45.0,0.8,44.7,0.9824175824175824,278.0,559.0
RA-1337,Ryquell,Armstead,Ryquell Armstead,RB,44.0,37.2,7.116703796386722,0.16058739000726335,282.0,292.0
JW-3325,Jordan,Wilkins,Jordan Wilkins,RB,44.0,47.0,-2.8999999999999986,-0.06575963718820857,282.0,261.0
RH-1950,Rashard,Higgins,Rashard Higgins,WR,43.0,11.5,32.0,0.7356321839080459,284.0,414.0
HR-0062,Hunter,Renfrow,Hunter Renfrow,WR,43.0,88.50000000000001,-45.19838333129885,-1.0438035992307113,284.0,160.0
JJ-0725,Jesse,James,Jesse James,TE,43.0,14.199999999999998,29.524999999999984,0.6752429959977131,284.0,399.0
JR-1950,Josh,Reynolds,Josh Reynolds,WR,43.0,40.90000000000001,2.799999999999997,0.06407322654462236,284.0,283.0
CE-0175,Chase,Edmonds,Chase Edmonds,RB,43.0,70.80000000000003,-27.700000000000014,-0.6426914153132255,284.0,204.0
CL-0275,Cody,Latimer,Cody Latimer,WR,43.0,42.00000000000001,1.6065139872907253,0.03684114689284609,284.0,276.0
TT-0150,Taywan,Taylor,Taywan Taylor,WR,43.0,0.0,43.0,1.0,284.0,585.0
DW-1350,DeAndre,Washington,DeAndre Washington,RB,43.0,85.9,-42.69999999999999,-0.9884259259259252,284.0,168.0
JS-6325,Jace,Sternberger,Jace Sternberger,TE,42.0,0.0,42.85801315307617,1.0,292.0,585.0
CR-1525,Chester,Rogers,Chester Rogers,WR,42.0,29.7,13.166666666666668,0.3071539657853811,292.0,317.0
ML-0050,Matt,LaCosse,Matt LaCosse,TE,41.0,19.1,22.135744459579698,0.536809623536146,294.0,375.0
LK-0200,Lance,Kendricks,Lance Kendricks,TE,41.0,5.0,36.7763333062448,0.8803150108137281,294.0,474.0
CH-5000,Carlos,Hyde,Carlos Hyde,RB,40.0,145.2,-104.86548308382936,-2.5998943609954916,296.0,76.0
VM-0250,Vance,McDonald,Vance McDonald,TE,40.0,45.49999999999999,-4.646414036254164,-0.11373332173037325,296.0,266.0
JW-6000,Jason,Witten,Jason Witten,TE,39.0,76.9,-37.535083601662905,-0.9535161518404368,298.0,183.0
CT-1220,Chris,Thompson,Chris Thompson,RB,39.0,51.6,-12.08348244803985,-0.3057830800032244,298.0,249.0
PD-0800,Phillip,Dorsett,Phillip Dorsett,WR,39.0,73.8,-33.845139211775184,-0.847084398345589,298.0,194.0
ML-1500,Marcedes,Lewis,Marcedes Lewis,TE,39.0,21.6,17.688312183759468,0.4502181743269504,298.0,362.0
RS-0687,Ricky,Seals-Jones,Ricky Seals-Jones,TE,39.0,44.89999999999999,-5.699999999999997,-0.14540816326530606,298.0,269.0
DP-0350,DeVante,Parker,DeVante Parker,WR,39.0,176.2,-136.73475466626692,-3.464687816076805,298.0,48.0
RC-1500,Randall,Cobb,Randall Cobb,WR,38.0,99.89999999999998,-61.803188950726344,-1.6222667264929695,304.0,145.0
MB-3325,Miles,Boykin,Miles Boykin,WR,38.0,37.8,1.1458274841308622,0.029421058895147345,304.0,290.0
JB-6750,Jaron,Brown,Jaron Brown,WR,37.0,32.0,5.050000000000004,0.13630229419703113,306.0,308.0
DM-3050,David,Moore,David Moore,WR,37.0,44.6,-7.100000000000001,-0.18933333333333335,306.0,271.0
CC-3950,Chris,Conley,Chris Conley,WR,37.0,115.5,-77.66094083273798,-2.052401474609852,306.0,118.0
TW-1325,Trevon,Wesco,Trevon Wesco,RB,37.0,4.9,33.06796417236328,0.8709438310214513,306.0,477.0
JO-0562,Josh,Oliver,Josh Oliver,TE,36.0,1.5,35.373741149902344,0.9593206451739716,310.0,534.0
DH-1050,DaeSean,Hamilton,DaeSean Hamilton,WR,36.0,35.7,0.5999999999999943,0.016528925619834555,310.0,301.0
TS-1262,Tajae,Sharpe,Tajae Sharpe,WR,36.0,56.9,-20.4,-0.558904109589041,310.0,231.0
JS-4550,Jonnu,Smith,Jonnu Smith,TE,36.0,71.7,-34.95,-0.9510204081632654,310.0,200.0
KH-0525,Kelvin,Harmon,Kelvin Harmon,WR,35.0,36.94,-1.3765653991699196,-0.0387073243802439,314.0,294.0
LT-0550,Levine,Toilolo,Levine Toilolo,TE,34.0,1.0,33.60020675986731,0.9710984386035548,315.0,551.0
TM-2362,Trace,McSorley,Trace McSorley,QB,34.0,0.1,34.704000854492186,0.9971267671088138,315.0,582.0
KC-2375,Keke,Coutee,Keke Coutee,WR,34.0,30.8,3.9000000000000017,0.11239193083573493,315.0,311.0
JM-4162,Jakobi,Meyers,Jakobi Meyers,WR,34.0,35.9,-1.5286315917968736,-0.04447398118231592,315.0,300.0
TH-2337,Travis,Homer,Travis Homer,RB,33.0,17.0,16.780475616455078,0.4967507209484346,319.0,384.0
GA-0250,Geronimo,Allison,Geronimo Allison,WR,33.0,41.40000000000001,-8.13333333333334,-0.24448897795591204,319.0,280.0
DS-2275,Darius,Slayton,Darius Slayton,WR,33.0,124.0,-90.42351150512695,-2.6930603990627002,319.0,106.0
JD-2550,Jack,Doyle,Jack Doyle,TE,33.0,68.8,-35.68120678218479,-1.0773703784288615,319.0,206.0
KB-0150,Kalen,Ballage,Kalen Ballage,RB,32.0,37.8,-5.100000000000001,-0.15596330275229364,323.0,290.0
WH-0762,Wes,Hills,Wes Hills,RB,32.0,14.2,18.47877197265625,0.5654671475451477,323.0,397.0
KB-1225,Khari,Blasingame,Khari Blasingame,RB,32.0,5.4,27.2485595703125,0.8346021977364586,323.0,471.0
JW-4975,Jeff,Wilson,Jeff Wilson,RB,32.0,43.90000000000001,-11.500000000000007,-0.3549382716049384,323.0,273.0
JH-1350,Justin,Hardy,Justin Hardy,WR,32.0,19.5,12.774999999999983,0.3958171959721144,323.0,370.0
BB-2250,Brandon,Bolden,Brandon Bolden,RB,32.0,41.9,-9.612519425021992,-0.29771661504216146,323.0,277.0
LW-1450,Luke,Willson,Luke Willson,TE,31.0,7.9,23.700000000000006,0.7500000000000001,329.0,446.0
JR-3280,John,Ross,John Ross,WR,31.0,71.0,-39.45,-1.2503961965134711,329.0,201.0
JS-0825,Jordan,Scarlett,Jordan Scarlett,RB,31.0,0.9,30.858777618408205,0.9716613778145436,329.0,554.0
TC-0325,Trenton,Cannon,Trenton Cannon,RB,31.0,0.0,31.7,1.0,329.0,585.0
DH-1487,Deonte,Harris,Deonte Harris,WR,30.0,9.5,20.75009536743164,0.6859514033060521,333.0,429.0
JG-2950,Jakeem,Grant,Jakeem Grant,WR,30.0,26.9,4.06666666666667,0.13132400430570515,333.0,328.0
RG-1870,Ryan,Griffin,Ryan Griffin,TE,30.0,63.99999999999999,-33.01913082708783,-1.0657909770962075,333.0,215.0
DW-0675,Darren,Waller,Darren Waller,TE,30.0,131.1,-100.42426685572303,-3.273736486864009,333.0,96.0
TB-2650,Teddy,Bridgewater,Teddy Bridgewater,QB,30.0,90.46,-59.8212640270819,-1.9524716711537484,333.0,158.0
AI-0050,Alec,Ingold,Alec Ingold,RB,30.0,12.1,17.90360870361328,0.5967151778464962,333.0,411.0
TH-1550,Tyler,Higbee,Tyler Higbee,TE,30.0,91.4,-61.0,-2.006578947368421,333.0,153.0
DW-3906,Dexter,Williams,Dexter Williams,RB,30.0,1.1,29.43428268432617,0.9639749192285872,333.0,546.0
GD-0450,Greg,Dortch,Greg Dortch,WR,29.0,-2.0,31.33780288696289,1.0681714308227477,341.0,612.0
JD-2850,Jeff,Driskel,Jeff Driskel,QB,28.0,58.1,-29.72666666666666,-1.0476973684210522,342.0,226.0
KJ-1400,Kyle,Juszczyk,Kyle Juszczyk,RB,28.0,30.6,-2.319774234518839,-0.08202813703666945,342.0,312.0
CM-0175,Chris,Manhertz,Chris Manhertz,TE,28.0,1.1,27.65013130575387,0.9617393051773696,342.0,546.0
JH-4250,Jonathan,Hilliman,Jonathan Hilliman,RB,28.0,5.199999999999998,23.33495216369629,0.8177673482622578,342.0,473.0
CM-2675,Chris,Moore,Chris Moore,WR,27.0,2.1,25.13333333333333,0.9228886168910648,346.0,516.0
MM-4700,Matt,Moore,Matt Moore,QB,27.0,45.26,-17.628645967198466,-0.6379942852699609,346.0,267.0
JW-0934,James,Washington,James Washington,WR,27.0,91.5,-63.8,-2.3032490974729245,346.0,152.0
KA-0737,Kyle,Allen,Kyle Allen,QB,27.0,183.48,-155.94000000000003,-5.662309368191723,346.0,44.0
WD-0550,Will,Dissly,Will Dissly,TE,27.0,50.89999999999999,-23.299999999999994,-0.8442028985507245,346.0,251.0
DK-0950,Dawson,Knox,Dawson Knox,TE,27.0,51.7,-24.43646545410157,-0.8963058481270111,346.0,248.0
SD-0534,Seth,DeValve,Seth DeValve,TE,27.0,14.0,13.2,0.4852941176470588,346.0,400.0
TS-1425,Trent,Sherfield,Trent Sherfield,WR,27.0,8.0,19.0,0.7037037037037037,346.0,445.0
TY-0150,T.J.,Yeldon,T.J. Yeldon,RB,26.0,16.7,10.082510967472343,0.3764587636953707,354.0,386.0
PP-0350,Paul,Perkins,Paul Perkins,RB,25.0,3.8,21.333333333333336,0.8488063660477454,355.0,489.0
DR-2225,Demarcus,Robinson,Demarcus Robinson,WR,25.0,70.9,-45.56666666666668,-1.7986842105263163,355.0,203.0
BJ-0950,Blake,Jarwin,Blake Jarwin,TE,24.0,56.5,-32.15,-1.3203285420944555,357.0,232.0
BF-0950,Bennie,Fowler,Bennie Fowler,WR,24.0,23.3,1.0399999999999956,0.04272801972062431,357.0,349.0
RJ-0450,Richie,James,Richie James,WR,23.0,22.4,0.6000000000000014,0.02608695652173919,359.0,357.0
KJ-0537,KeeSean,Johnson,KeeSean Johnson,WR,23.0,25.0,-1.6027336120605469,-0.06850089174890556,359.0,341.0
DF-0550,Darren,Fells,Darren Fells,TE,23.0,76.10000000000002,-52.242557812492606,-2.1897803378037177,359.0,185.0
CM-1500,Colt,McCoy,Colt McCoy,QB,23.0,4.16,19.46251307629812,0.823896806128812,359.0,488.0
JH-4070,Josh,Hill,Josh Hill,TE,23.0,40.6,-17.13767541712621,-0.7304338219596439,359.0,285.0
DS-1862,Darrius,Shepherd,Darrius Shepherd,WR,22.0,-1.9,24.644089126586913,1.0835381882925783,364.0,611.0
HH-0350,Hayden,Hurst,Hayden Hurst,TE,22.0,48.9,-26.6,-1.1928251121076232,364.0,257.0
NV-0050,Nick,Vannett,Nick Vannett,TE,22.0,16.599999999999998,5.5666666666666735,0.2511278195488724,364.0,388.0
JA-0462,Jordan,Akins,Jordan Akins,TE,22.0,55.8,-33.3,-1.4799999999999995,364.0,235.0
JB-2950,Josh,Bellamy,Josh Bellamy,WR,21.0,2.0,19.00239043372505,0.9047727444972904,368.0,521.0
PL-0012,Patrick,Laird,Patrick Laird,RB,21.0,45.2,-23.283610534667964,-1.0623834994125578,368.0,268.0
AS-0775,Adam,Shaheen,Adam Shaheen,TE,21.0,9.4,12.35,0.5678160919540229,368.0,431.0
MA-1287,Marcell,Ateman,Marcell Ateman,WR,21.0,9.6,11.8,0.5514018691588785,368.0,427.0
RS-3525,Ryan,Switzer,Ryan Switzer,WR,21.0,2.7,18.300000000000004,0.8714285714285714,368.0,504.0
DH-3450,Devlin,Hodges,Devlin Hodges,QB,21.0,52.32000000000001,-31.06736595153809,-1.4618124925454352,368.0,247.0
OZ-0100,Olamide,Zaccheaus,Olamide Zaccheaus,WR,21.0,19.5,2.4834022521972656,0.112967147837594,368.0,370.0
DT-0850,De'Anthony,Thomas,De'Anthony Thomas,WR,21.0,1.0,20.716125302718783,0.9539512695722564,368.0,551.0
RE-0400,Rhett,Ellison,Rhett Ellison,TE,21.0,22.7,-1.5142857142857054,-0.07147673634524569,368.0,354.0
JM-3475,J.D.,McKissic,J.D. McKissic,WR,21.0,49.79999999999999,-27.833333333333325,-1.2670713201820938,368.0,253.0
BP-1200,Bilal,Powell,Bilal Powell,RB,21.0,26.200000000000006,-5.046345243478903,-0.2385566608495041,368.0,331.0
JH-3625,Jeff,Heuerman,Jeff Heuerman,TE,20.0,17.4,3.199999999999996,0.15533980582524254,379.0,382.0
DJ-0887,D'Ernest,Johnson,D'Ernest Johnson,RB,20.0,9.2,11.471680450439456,0.5549466806988873,379.0,435.0
RS-0975,Russell,Shepard,Russell Shepard,WR,20.0,2.5,17.570443733231535,0.8754387280506092,379.0,513.0
SS-0650,Spencer,Schnell,Spencer Schnell,WR,19.0,0.0,19.94025039672852,1.0,382.0,585.0
DW-1550,Dwayne,Washington,Dwayne Washington,RB,19.0,6.6,13.366666666666672,0.6694490818030051,382.0,456.0
LT-0862,Laquon,Treadwell,Laquon Treadwell,WR,19.0,26.4,-7.166666666666664,-0.3726169844020795,382.0,329.0
CP-2550,C.J.,Prosise,C.J. Prosise,RB,19.0,18.8,0.8333333333333393,0.042444821731749016,382.0,376.0
MG-0293,Myles,Gaskin,Myles Gaskin,RB,19.0,24.4,-5.081089401245116,-0.2630111762913068,382.0,346.0
ZP-0050,Zach,Pascal,Zach Pascal,WR,19.0,94.30000000000004,-74.40000000000002,-3.738693467336684,382.0,148.0
KW-0922,Kerrith,Whyte Jr.,Kerrith Whyte Jr.,RB,19.0,13.1,6.836882019042969,0.3429263418679327,382.0,405.0
DB-2750,David,Blough,David Blough,QB,18.0,55.36,-36.65816055297852,-1.9601366302402308,389.0,236.0
TJ-2275,Ty,Johnson,Ty Johnson,RB,18.0,36.2,-17.349686813354495,-0.920392496483606,389.0,298.0
ZG-0012,Zach,Gentry,Zach Gentry,TE,18.0,0.4,17.93504867553711,0.9781838593898208,389.0,572.0
DO-0600,Devine,Ozigbo,Devine Ozigbo,RB,18.0,5.0,13.89980697631836,0.7354470335985416,389.0,474.0
TP-0675,Tim,Patrick,Tim Patrick,WR,18.0,21.8,-3.1999999999999997,-0.17204301075268816,389.0,361.0
TB-2775,Tony,Brooks-James,Tony Brooks-James,RB,18.0,2.7,15.99619369506836,0.8555855783248437,389.0,504.0
OJ-0050,Olabisi,Johnson,Olabisi Johnson,WR,18.0,48.0,-29.75893974304199,-1.6314259875157486,389.0,259.0
MG-0325,Mike,Gesicki,Mike Gesicki,TE,18.0,85.00000000000001,-66.80000000000001,-3.6703296703296697,389.0,171.0
NO-0150,Nick,O'Leary,Nick O'Leary,TE,18.0,16.9,1.5749999999999955,0.08525033829499302,389.0,385.0
QE-0100,Quincy,Enunwa,Quincy Enunwa,WR,17.0,-0.4,17.606213688468113,1.0232474155698814,398.0,607.0
LH-1950,Lil'Jordan,Humphrey,Lil'Jordan Humphrey,WR,17.0,0.0,17.475811004638672,1.0,398.0,585.0
MB-3862,Malcolm,Brown,Malcolm Brown,RB,17.0,57.1,-39.31981753372831,-2.211440608571733,398.0,230.0
MW-2450,Maxx,Williams,Maxx Williams,TE,16.0,26.2,-9.425000000000008,-0.561847988077497,401.0,332.0
FM-0675,Foster,Moreau,Foster Moreau,TE,16.0,47.4,-31.051172637939448,-1.8992905087491163,401.0,260.0
VG-0300,Virgil,Green,Virgil Green,TE,16.0,13.8,2.3133666049625425,0.14356817303778585,401.0,402.0
IM-0125,Isaiah,McKenzie,Isaiah McKenzie,WR,16.0,36.3,-19.400000000000006,-1.1479289940828408,401.0,297.0
JH-5125,Johnny,Holton,Johnny Holton,WR,15.0,3.0,12.166666666666664,0.8021978021978021,405.0,498.0
VS-0175,Vyncint,Smith,Vyncint Smith,WR,15.0,26.1,-10.999999999999995,-0.7284768211920527,405.0,333.0
CW-2450,Chad,Williams,Chad Williams,WR,15.0,0.0,15.2,1.0,405.0,585.0
DT-1231,Darwin,Thompson,Darwin Thompson,RB,15.0,23.1,-7.992621994018552,-0.5290542138320788,405.0,351.0
DH-1450,Demetrius,Harris,Demetrius Harris,TE,15.0,34.90000000000001,-19.483333333333334,-1.2637837837837835,405.0,303.0
CW-0225,Clive,Walford,Clive Walford,TE,15.0,5.7,9.65006325781236,0.6286660253925009,405.0,467.0
MH-3050,Mack,Hollins,Mack Hollins,WR,15.0,12.5,2.799999999999999,0.18300653594771235,405.0,409.0
PW-1150,Preston,Williams,Preston Williams,WR,15.0,58.8,-43.73485355377197,-2.9030486832553954,405.0,224.0
JW-5637,Juwann,Winfree,Juwann Winfree,WR,15.0,0.0,15.687496185302734,1.0,405.0,585.0
DC-1418,D.J.,Chark,D.J. Chark,WR,15.0,152.8,-137.4,-8.922077922077921,405.0,69.0
TH-1625,Taysom,Hill,Taysom Hill,QB,15.0,85.2,-69.92,-4.575916230366493,405.0,170.0
JD-1650,James,Develin,James Develin,RB,15.0,0.3,15.242504407444027,0.9806980913670312,405.0,578.0
AE-1037,Alex,Erickson,Alex Erickson,WR,15.0,53.24,-37.37333333333333,-2.355462184873949,405.0,242.0
DB-5912,Deontay,Burnett,Deontay Burnett,WR,14.0,4.8,9.5,0.6643356643356643,418.0,481.0
DR-0550,Damion,Ratley,Damion Ratley,WR,14.0,28.0,-13.6,-0.9444444444444446,418.0,321.0
AJ-0375,Andy,Janovich,Andy Janovich,RB,14.0,10.3,3.7333333333333303,0.2660332541567694,418.0,421.0
VB-0325,Ventell,Bryant,Ventell Bryant,WR,14.0,7.5,6.642523765563965,0.4696844690293564,418.0,448.0
JM-5750,Jason,Moore,Jason Moore,WR,14.0,4.3,10.635622215270995,0.7120976991769753,418.0,485.0
SM-2653,Scott,Miller,Scott Miller,WR,14.0,27.6,-13.087237930297851,-0.9017744428966891,418.0,324.0
CC-4450,Cody,Core,Cody Core,WR,14.0,2.8,11.866666666666667,0.8090909090909092,418.0,503.0
KD-1456,Keelan,Doss,Keelan Doss,WR,14.0,13.3,0.9692413330078136,0.06792521833419067,418.0,403.0
SS-1537,Steven,Sims Jr.,Steven Sims Jr.,WR,14.0,77.5,-62.665162086486816,-4.224189199223038,418.0,182.0
SM-3250,Stanley,Morgan Jr.,Stanley Morgan Jr.,WR,14.0,1.7999999999999998,13.135622215270994,0.8794827577950128,418.0,525.0
AF-0550,Anthony,Firkser,Anthony Firkser,TE,14.0,26.4,-12.15,-0.8526315789473683,418.0,329.0
RJ-2250,Ronald,Jones,Ronald Jones,RB,13.0,135.3,-121.6,-8.875912408759127,429.0,88.0
TQ-0100,Trey,Quinn,Trey Quinn,WR,13.0,25.5,-11.999999999999995,-0.8888888888888886,429.0,337.0
ET-0375,Eric,Tomlinson,Eric Tomlinson,TE,13.0,0.1,13.782274281325313,0.9927965693535876,429.0,582.0
MB-0450,Matt,Barkley,Matt Barkley,QB,13.0,5.959999999999999,7.822026461126982,0.5675527095517825,429.0,465.0
DW-3243,Darrel,Williams,Darrel Williams,RB,13.0,52.8,-39.7,-3.0305343511450387,429.0,244.0
IH-0200,Ishmael,Hyman,Ishmael Hyman,WR,13.0,3.4,10.0770450592041,0.7477191784204964,429.0,492.0
JG-2450,Josh,Gordon,Josh Gordon,WR,12.0,46.7,-34.40555357350482,-2.7984630116699707,435.0,264.0
MA-0487,Mo,Alie-Cox,Mo Alie-Cox,TE,12.0,9.3,3.35,0.2648221343873517,435.0,433.0
DJ-0850,Darius,Jennings,Darius Jennings,WR,12.0,1.7000000000000002,10.736431046721908,0.8633048345129449,435.0,526.0
JJ-2518,Jakob,Johnson,Jakob Johnson,RB,12.0,0.5,12.032119750976562,0.9601025197703654,435.0,569.0
AB-1125,Andrew,Beck,Andrew Beck,RB,12.0,15.54,-3.4799003982543937,-0.28854657201593137,435.0,392.0
JO-0150,James,O'Shaughnessy,James O'Shaughnessy,TE,12.0,27.3,-14.575000000000005,-1.1453831041257378,435.0,326.0
MH-0225,Marvin,Hall,Marvin Hall,WR,12.0,34.800000000000004,-22.5,-1.8292682926829265,435.0,304.0
NW-0325,Nsimba,Webster,Nsimba Webster,WR,12.0,0.0,12.190268516540527,1.0,435.0,585.0
NB-0450,Nick,Boyle,Nick Boyle,TE,11.0,44.1,-32.28222509940806,-2.73166694838561,443.0,272.0
GO-0150,Gunner,Olszewski,Gunner Olszewski,WR,11.0,1.4,10.58990249633789,0.8832350804831309,443.0,536.0
EP-0350,Elijhaa,Penny,Elijhaa Penny,RB,11.0,4.8,7.1000000000000005,0.5966386554621849,443.0,481.0
DS-0850,Dalton,Schultz,Dalton Schultz,TE,11.0,0.6,10.999999999999998,0.9482758620689656,443.0,566.0
DW-3987,Damion,Willis,Damion Willis,WR,11.0,8.2,3.2799547195434577,0.2857114683527164,443.0,444.0
JU-0400,John,Ursua,John Ursua,WR,10.0,1.1,9.7572416305542,0.8986851322434968,448.0,546.0
JK-0775,John,Kelly,John Kelly,RB,10.0,0.9,9.2,0.9108910891089108,448.0,554.0
RG-1650,Ryan,Grant,Ryan Grant,WR,10.0,1.4,9.481165195487296,0.8713373085650223,448.0,536.0
LS-1900,Luke,Stocker,Luke Stocker,TE,10.0,5.300000000000002,5.662499999999996,0.5165336374002278,448.0,472.0
BH-1225,Brian,Hill,Brian Hill,RB,10.0,57.20000000000001,-46.25000000000002,-4.223744292237445,448.0,229.0
DA-1650,Dan,Arnold,Dan Arnold,TE,10.0,24.7,-14.2,-1.3523809523809522,448.0,342.0
AC-0387,Austin,Carr,Austin Carr,WR,10.0,0.9,9.95,0.9170506912442395,448.0,554.0
AS-0900,Anthony,Sherman,Anthony Sherman,RB,10.0,3.1,7.479108352561253,0.7069696332914981,448.0,495.0
KB-0350,Kenjon,Barner,Kenjon Barner,RB,9.0,9.12,0.8329617771462471,0.08368983984836291,456.0,436.0
CG-1015,Cullen,Gillaspia,Cullen Gillaspia,RB,9.0,0.0,9.219478607177734,1.0,456.0,585.0
GS-1400,Geoff,Swaim,Geoff Swaim,TE,9.0,6.5,2.9149883669483554,0.3096114677296388,456.0,459.0
BB-1550,Blake,Bell,Blake Bell,TE,9.0,6.699999999999998,2.5227911772534157,0.27353879414243804,456.0,455.0
SC-0175,Stephen,Carlson,Stephen Carlson,TE,9.0,11.099999999999998,-1.9747625350952127,-0.21640670094231,456.0,416.0
JO-0550,Jamize,Olawale,Jamize Olawale,RB,9.0,0.0,9.015712706590044,1.0,456.0,585.0
ZL-0200,Zach,Line,Zach Line,RB,8.0,5.6000000000000005,3.327761100548032,0.3727430722069564,462.0,469.0
JS-5475,Jeremy,Sprinkle,Jeremy Sprinkle,TE,8.0,30.1,-21.4,-2.459770114942529,462.0,315.0
JS-4212,Jeff,Smith,Jeff Smith,WR,8.0,1.2,7.55722599029541,0.8629703057418163,462.0,542.0
AH-3900,Allen,Hurns,Allen Hurns,WR,8.0,51.6,-43.38204740661715,-5.278936196534975,462.0,249.0
JG-4200,Jalen,Guyton,Jalen Guyton,WR,8.0,0.0,8.75722599029541,1.0,462.0,585.0
DH-3137,Dontrell,Hilliard,Dontrell Hilliard,RB,8.0,26.1,-17.599999999999994,-2.0705882352941174,462.0,333.0
JH-5350,Jesper,Horsted,Jesper Horsted,TE,8.0,12.7,-3.827941131591796,-0.4314602944331673,462.0,407.0
AA-0557,Alex,Armah,Alex Armah,RB,7.0,7.7,-0.7000000000000002,-0.10000000000000002,469.0,447.0
DC-0775,Derek,Carrier,Derek Carrier,TE,7.0,19.5,-12.343569984475007,-1.7248222867682852,469.0,370.0
DB-6375,Damiere,Byrd,Damiere Byrd,WR,7.0,39.9,-32.321028603127594,-4.26456664244246,469.0,287.0
PD-0700,Patrick,DiMarco,Patrick DiMarco,RB,7.0,4.800000000000002,2.824999999999997,0.3704918032786883,469.0,480.0
JN-0625,J.J.,Nelson,J.J. Nelson,WR,7.0,9.6,-2.1079724746355493,-0.2813620835613529,469.0,427.0
TC-2375,Tyler,Conklin,Tyler Conklin,TE,7.0,5.8,1.8999999999999997,0.2467532467532467,469.0,466.0
RT-1250,Robert,Tonyan Jr.,Robert Tonyan Jr.,TE,7.0,16.0,-8.15,-1.038216560509554,469.0,391.0
CH-0525,C.J.,Ham,C.J. Ham,RB,7.0,20.6,-12.799999999999995,-1.6410256410256403,469.0,366.0
MW-0650,Mark,Walton,Mark Walton,RB,7.0,27.0,-19.5,-2.6,469.0,327.0
JM-4175,Jaydon,Mickens,Jaydon Mickens,WR,7.0,0.0,7.900000000000001,1.0,469.0,585.0
XG-0100,Xavier,Grimble,Xavier Grimble,TE,7.0,0.3,7.619999999999999,0.9621212121212122,469.0,578.0
PC-0625,Pharoh,Cooper,Pharoh Cooper,WR,7.0,30.5,-23.3,-3.236111111111111,469.0,314.0
RM-5050,Raheem,Mostert,Raheem Mostert,RB,6.0,157.20000000000005,-150.58325992043277,-22.75792280029848,481.0,64.0
PR-0125,Patrick,Ricard,Patrick Ricard,RB,6.0,10.7,-4.1,-0.6212121212121212,481.0,418.0
MJ-1450,Marcus,Johnson,Marcus Johnson,WR,6.0,41.70000000000001,-34.866666666666674,-5.102439024390245,481.0,278.0
RG-0025,Russell,Gage,Russell Gage,WR,6.0,49.79999999999999,-43.49999999999999,-6.9047619047619015,481.0,253.0
CD-0300,Chase,Daniel,Chase Daniel,QB,6.0,26.0,-19.6595816402127,-3.1006757795194164,481.0,336.0
AH-3450,Alexander,Hollins,Alexander Hollins,WR,6.0,4.6,2.193033599853516,0.32283567681761605,481.0,483.0
TE-0025,Trey,Edmunds,Trey Edmunds,RB,6.0,14.0,-7.6,-1.1874999999999998,481.0,400.0
BW-2475,Bobo,Wilson,Bobo Wilson,WR,6.0,1.5,5.4,0.7826086956521741,481.0,534.0
LT-0275,Logan,Thomas,Logan Thomas,TE,5.0,23.3,-17.452,-2.9842681258549937,489.0,349.0
DS-3137,Durham,Smythe,Durham Smythe,TE,5.0,6.5,-1.5,-0.3,489.0,459.0
JA-0450,Jay,Ajayi,Jay Ajayi,RB,5.0,3.0,2.7988532072977548,0.4826563300094314,489.0,498.0
JF-1250,Josh,Ferguson,Josh Ferguson,RB,5.0,0.9,5.000000000000001,0.8474576271186439,489.0,554.0
JP-2075,Josh,Perkins,Josh Perkins,TE,5.0,14.7,-9.066666666666666,-1.6094674556213016,489.0,394.0
DF-1375,D.J.,Foster,D.J. Foster,RB,5.0,0.0,5.933333333333333,1.0,489.0,585.0
IN-0050,Isaac,Nauta,Isaac Nauta,TE,5.0,1.3,4.218784046173096,0.7644408643057048,489.0,540.0
CJ-2075,Charles,Jones,Charles Jones,TE,5.0,0.5,4.566216468811035,0.9013070201247556,489.0,569.0
TJ-2400,Taiwan,Jones,Taiwan Jones,RB,5.0,4.9,0.928849005517952,0.15935376000281454,489.0,477.0
DW-1750,Derek,Watt,Derek Watt,RB,5.0,10.2,-4.900000000000002,-0.9245283018867929,489.0,422.0
MW-0350,Michael,Walker,Michael Walker,WR,5.0,-2.5,7.621670722961426,1.4881219694175232,489.0,614.0
KS-1375,Kaden,Smith,Kaden Smith,TE,4.0,44.8,-40.65068321228027,-9.796958220348369,500.0,270.0
MB-2950,Mike,Boone,Mike Boone,RB,4.0,47.0,-42.2,-8.791666666666666,500.0,261.0
TS-3656,Tommy,Sweeney,Tommy Sweeney,TE,4.0,11.4,-6.6547559738159165,-1.4024054268010702,500.0,415.0
TF-1450,Travis,Fulgham,Travis Fulgham,WR,4.0,0.0,4.905611038208008,1.0,500.0,585.0
DS-3031,Devin,Smith,Devin Smith,WR,4.0,19.3,-14.925000000000002,-3.4114285714285733,500.0,373.0
JH-4850,Jacob,Hollister,Jacob Hollister,TE,4.0,52.89999999999999,-47.94999999999999,-9.686868686868683,500.0,243.0
PR-0150,Paul,Richardson,Paul Richardson,WR,4.0,36.5,-32.23158524184492,-7.551184003443988,500.0,295.0
TD-0737,Trevor,Davis,Trevor Davis,WR,4.0,22.4,-17.5,-3.571428571428571,500.0,357.0
AA-0581,Antony,Auclair,Antony Auclair,TE,3.0,1.1,2.55,0.6986301369863014,508.0,546.0
MB-5175,Mike,Burton,Mike Burton,RB,3.0,0.0,3.0999999999909704,1.0,508.0,585.0
RT-1550,Ross,Travis,Ross Travis,TE,3.0,3.1,0.7545056105926631,0.19574640351260286,508.0,495.0
MT-0887,Mike,Thomas,Mike Thomas,WR,3.0,1.4,2.2666666666666666,0.6181818181818182,508.0,536.0
RN-1250,Roosevelt,Nix,Roosevelt Nix,RB,3.0,0.4,3.379999999988416,0.8941798941795699,508.0,572.0
AT-0247,Auden,Tate,Auden Tate,WR,3.0,61.50000000000001,-58.00000000000001,-16.571428571428573,508.0,221.0
CB-1152,Chad,Beebe,Chad Beebe,WR,3.0,7.0,-3.1,-0.7948717948717947,508.0,452.0
KS-1450,Keith,Smith,Keith Smith,RB,3.0,2.1,1.1303517147929374,0.3499159889050632,508.0,516.0
JW-4625,Jonathan,Williams,Jonathan Williams,RB,3.0,35.4,-31.566666666666666,-8.234782608695653,508.0,302.0
ML-2500,Marshawn,Lynch,Marshawn Lynch,RB,3.0,9.4,-6.125489526072212,-1.870658095261692,508.0,431.0
DW-0500,Delanie,Walker,Delanie Walker,TE,3.0,33.49999999999999,-30.084693456788653,-8.808782777226403,508.0,306.0
JW-5475,Javon,Wims,Javon Wims,WR,3.0,24.6,-21.4,-6.6875,508.0,345.0
BZ-0100,Brandon,Zylstra,Brandon Zylstra,WR,2.0,10.6,-8.3,-3.6086956521739135,520.0,419.0
TE-0350,Tyler,Ervin,Tyler Ervin,RB,2.0,2.1,0.10000000000000052,0.045454545454545685,520.0,516.0
DT-1992,De'Lance,Turner,De'Lance Turner,RB,2.0,0.6,1.4999999999999996,0.7142857142857142,520.0,566.0
RM-2050,Ray-Ray,McCloud,Ray-Ray McCloud,RB,2.0,-2.0,4.0,2.0,520.0,612.0
BB-2712,Ben,Braunecker,Ben Braunecker,TE,2.0,11.9,-9.133333333333333,-3.301204819277108,520.0,413.0
MT-2350,Malik,Turner,Malik Turner,WR,2.0,30.500000000000004,-28.500000000000004,-14.250000000000002,520.0,313.0
ES-0250,Eric,Saubert,Eric Saubert,TE,2.0,2.1,0.2999999999999998,0.12499999999999993,520.0,516.0
TT-0500,Tyrod,Taylor,Tyrod Taylor,QB,2.0,6.02,-3.4125456413811506,-1.3087652445769955,520.0,463.0
DV-0550,Dan,Vitale,Dan Vitale,RB,1.0,10.0,-8.4,-5.250000000000001,528.0,424.0
RD-2300,Ross,Dwelley,Ross Dwelley,TE,1.0,21.1,-19.700000000000006,-14.071428571428573,528.0,363.0
TK-0850,Tyler,Kroft,Tyler Kroft,TE,1.0,12.6,-11.109463006766763,-7.453329274752443,528.0,408.0
NB-0200,Nick,Bellore,Nick Bellore,RB,1.0,8.3,-7.062500000000001,-5.707070707070709,528.0,443.0
DD-0075,Darrell,Daniels,Darrell Daniels,TE,1.0,0.4,0.8999999999999998,0.6923076923076923,528.0,572.0
TS-3662,Tyrone,Swoopes,Tyrone Swoopes,TE,1.0,0.5,0.6499999999999999,0.5652173913043478,528.0,569.0
KH-2025,Khadarel,Hodge,Khadarel Hodge,WR,1.0,5.699999999999998,-3.9999999999999987,-2.352941176470588,528.0,468.0
SC-1850,Sean,Culkin,Sean Culkin,TE,1.0,1.2,0.0,0.0,528.0,542.0
BK-1050,Ben,Koyack,Ben Koyack,TE,1.0,0.9,0.12002206120549108,0.11766614249857064,528.0,554.0
SP-0850,Senorise,Perry,Senorise Perry,RB,1.0,0.4,1.5281776837887175,0.792550238827559,528.0,572.0
TL-1037,T.J.,Logan,T.J. Logan,RB,1.0,2.3000000000000003,-0.3500000000000003,-0.17948717948717965,528.0,514.0
TP-1950,Troymaine,Pope,Troymaine Pope,RB,1.0,7.4,-5.766666666666668,-3.5306122448979598,528.0,449.0
AT-0160,Alex,Tanney,Alex Tanney,QB,0.0,0.04,-0.04,-inf,540.0,584.0
MS-0200,Matt,Schaub,Matt Schaub,QB,0.0,32.9,-32.96531897639798,504.68211221719986,540.0,307.0
TJ-2650,Tevin,Jones,Tevin Jones,WR,0.0,6.1,-6.1,-inf,540.0,461.0
RG-1885,Ryan,Griffin,Ryan Griffin,QB,0.0,0.62,-0.6200602150832801,10297.423524252124,540.0,565.0
CG-2162,Cyril,Grayson,Cyril Grayson,WR,0.0,0.3,-0.3,-inf,540.0,578.0
CB-1750,C.J.,Board,C.J. Board,WR,0.0,3.1,-3.1,-inf,540.0,495.0
AP-0388,Andre,Patton,Andre Patton,WR,0.0,5.6,-5.6,-inf,540.0,470.0
KR-0312,Kalif,Raymond,Kalif Raymond,WR,0.0,22.5,-23.466666666666665,24.27586206896552,540.0,356.0
DW-2850,D'haquille,Williams,D'haquille Williams,WR,0.0,22.6,-22.6,-inf,540.0,355.0
DW-2350,DeAndrew,White,DeAndrew White,WR,0.0,2.0,-2.0,-inf,540.0,521.0
TC-0450,Tra,Carson,Tra Carson,RB,0.0,6.6,-6.6,-inf,540.0,456.0
DO-0025,Dare,Ogunbowale,Dare Ogunbowale,RB,0.0,40.3,-40.3,-inf,540.0,286.0
DS-3187,Diontae,Spencer,Diontae Spencer,WR,0.0,1.7,-1.70006021508328,28233.129018110736,540.0,529.0
RO-0550,Ricky,Ortiz,Ricky Ortiz,RB,0.0,0.8,-0.25,-0.4545454545454545,540.0,559.0
BS-0825,Bo,Scarbrough,Bo Scarbrough,RB,0.0,42.2,-42.2,-inf,540.0,275.0
BS-1450,Boston,Scott,Boston Scott,RB,0.0,72.9,-72.9,-inf,540.0,197.0
DD-0681,Dalyn,Dawkins,Dalyn Dawkins,RB,0.0,2.6,-2.6,-inf,540.0,510.0
DG-3200,Derrius,Guice,Derrius Guice,RB,0.0,52.40000000000001,-52.40000000000001,-inf,540.0,246.0
FB-0750,Fred,Brown,Fred Brown,WR,0.0,2.1,-2.1,-inf,540.0,516.0
GH-1162,Gregory,Howell,Gregory Howell,RB,0.0,1.0,-1.0,-inf,540.0,551.0
RB-2350,Reggie,Bonnafon,Reggie Bonnafon,RB,0.0,25.3,-25.3,-inf,540.0,339.0
RN-0025,Ryan,Nall,Ryan Nall,RB,0.0,0.8,-0.8,-inf,540.0,559.0
MS-2100,Matthew,Slater,Matthew Slater,WR,0.0,0.0,0.0,,540.0,585.0
TH-2875,Tanner,Hudson,Tanner Hudson,TE,0.0,2.6,-2.6,-inf,540.0,510.0
TF-1500,Troy,Fumagalli,Troy Fumagalli,TE,0.0,9.8,-9.8,-inf,540.0,425.0
RI-0500,Ryan,Izzo,Ryan Izzo,TE,0.0,17.400000000000002,-17.400000000000002,-inf,540.0,381.0
JG-2687,Jaeden,Graham,Jaeden Graham,TE,0.0,20.9,-20.9,-inf,540.0,365.0
DY-0075,Deon,Yelder,Deon Yelder,TE,0.0,5.0,-5.0,-inf,540.0,474.0
PB-0725,Pharaoh,Brown,Pharaoh Brown,TE,0.0,2.7,-2.7,-inf,540.0,504.0
JM-6775,Johnny,Mundt,Johnny Mundt,TE,0.0,2.6,-2.35,-9.4,540.0,510.0
CC-0775,Cethan,Carter,Cethan Carter,TE,0.0,7.3,-7.3,-inf,540.0,451.0
JV-0050,Jason,Vander Laan,Jason Vander Laan,TE,0.0,0.0,0.0,,540.0,585.0
JH-5150,J.P.,Holtz,J.P. Holtz,TE,0.0,9.1,-9.1,-inf,540.0,437.0
DB-4387,Daniel,Brown,Daniel Brown,TE,0.0,13.2,-13.196466847138591,-3735.0398821633135,540.0,404.0
NB-0125,Nick,Bawden,Nick Bawden,RB,0.0,1.7,-1.7,-inf,540.0,529.0
GW-0250,Greg,Ward Jr.,Greg Ward Jr.,WR,0.0,31.9,-31.9,-inf,540.0,309.0
CH-3775,Cody,Hollister,Cody Hollister,WR,0.0,1.3,-1.3,-inf,540.0,540.0
JN-0350,JoJo,Natson,JoJo Natson,WR,0.0,0.0,0.6499999999999999,1.0,540.0,585.0
RG-0012,Rico,Gafford,Rico Gafford,WR,0.0,14.6,-14.6,-inf,540.0,395.0
JW-1050,Justin,Watson,Justin Watson,WR,0.0,27.9,-27.4,-54.8,540.0,322.0
JS-1350,Jaleel,Scott,Jaleel Scott,WR,0.0,0.6,-0.6,-inf,540.0,566.0
DS-0875,Da'Mari,Scott,Da'Mari Scott,WR,0.0,2.7,-2.7,-inf,540.0,504.0
DC-0025,Deon,Cain,Deon Cain,WR,0.0,12.4,-12.4,-inf,540.0,410.0
CW-3250,Cedrick,Wilson,Cedrick Wilson,WR,0.0,4.6,-4.6,-inf,540.0,483.0
IF-0175,Isaiah,Ford,Isaiah Ford,WR,0.0,25.5,-25.5,-inf,540.0,337.0
CS-1925,Cam,Sims,Cam Sims,WR,0.0,2.7,-2.7,-inf,540.0,504.0
CM-1650,Codey,McElroy,Codey McElroy,WR,0.0,3.0,-3.0,-inf,540.0,498.0
CL-0125,Chris,Lacy,Chris Lacy,WR,0.0,6.0,-6.0,-inf,540.0,464.0
CB-1650,Christian,Blake,Christian Blake,WR,0.0,9.1,-9.1,-inf,540.0,437.0
BP-1375,Byron,Pringle,Byron Pringle,WR,0.0,23.0,-23.0,-inf,540.0,352.0
BB-1950,Braxton,Berrios,Braxton Berrios,WR,0.0,9.5,-9.5,-inf,540.0,429.0
MR-2350,Mason,Rudolph,Mason Rudolph,QB,0.0,111.9,-111.9,-inf,540.0,125.0
AL-0387,Allen,Lazard,Allen Lazard,WR,0.0,67.8,-67.1,-95.85714285714286,540.0,209.0
RD-0450,Robert,Davis,Robert Davis,WR,0.0,1.7000000000000002,-1.7000000000000002,-inf,540.0,526.0
LF-0025,Luke,Falk,Luke Falk,QB,0.0,8.64,-8.64,-inf,540.0,441.0
BA-0375,Brandon,Allen,Brandon Allen,QB,0.0,33.5,-33.5,-inf,540.0,305.0
RD-0150,Rashard,Davis,Rashard Davis,WR,0.0,1.6,-1.6,-inf,540.0,532.0
KH-2075,Krishawn,Hogan,Krishawn Hogan,WR,0.0,0.4,-0.4,-inf,540.0,572.0
TS-1450,Trevor,Siemian,Trevor Siemian,QB,0.0,0.12,-0.04241288438945468,-0.5466485518336512,540.0,581.0
SM-0425,Sean,Mannion,Sean Mannion,QB,0.0,-1.46,1.46,inf,540.0,609.0
BH-2300,Brett,Hundley,Brett Hundley,QB,0.0,6.06,-6.060361759143093,16752.47709659769,540.0,462.0
GG-0310,Garrett,Gilbert,Garrett Gilbert,QB,0.0,-0.30000000000000004,0.6200000000000001,1.9375,540.0,606.0
AM-1150,A.J.,McCarron,A.J. McCarron,QB,0.0,17.9,-17.9,3.681816447006198e+63,540.0,380.0
SM-2825,Steven,Mitchell,Steven Mitchell,WR,0.0,3.7,-3.7,-inf,540.0,491.0
TB-2093,Tim,Boyle,Tim Boyle,QB,0.0,-0.10000000000000003,0.10000000000000003,inf,540.0,604.0
HH-0237,Hale,Hentges,Hale Hentges,TE,-1.0,16.3,-17.54189603328705,14.12509224854933,605.0,389.0
GD-0050,Geremy,Davis,Geremy Davis,WR,-1.0,3.8,-5.010942971858784,4.138050336232631,605.0,489.0
AD-1587,Ashton,Dulin,Ashton Dulin,WR,-1.0,1.7000000000000002,-2.768287491798401,2.5913319336334717,605.0,526.0
LS-1550,Lee,Smith,Lee Smith,TE,-2.0,9.1,-11.776173697814565,4.400377190550564,608.0,437.0
JA-1025,Javorius,Allen,Javorius Allen,RB,-2.0,10.500000000000002,-12.839593456612091,5.487959209462316,608.0,420.0
ML-0650,Marqise,Lee,Marqise Lee,WR,-4.0,1.9,-6.031932798183715,1.4598332288548326,610.0,523.0
DF-1875,Devonta,Freeman,Devonta Freeman,RB,-5.0,138.60000000000002,-144.02468339012944,26.54987822002518,611.0,85.0
TE-0300,Tyler,Eifert,Tyler Eifert,TE,-6.0,63.6,-69.80611328007093,11.247959895323275,612.0,216.0
AA-0025,Ameer,Abdullah,Ameer Abdullah,RB,-23.0,24.300000000000004,-47.52632820774785,2.0462264970445907,613.0,347.0
MG-0850,Mike,Glennon,Mike Glennon,QB,-32.0,4.24,-36.92512547027942,1.1297226166029386,614.0,487.0
RG-1850,Robert,Griffin,Robert Griffin,QB,-49.0,16.1,-65.87758350177145,1.323438762338213,615.0,390.0
