player,first,last,name,position,week1-pred,week1-act,week1-diff,week1-pct
TB-2300,Tom,Brady,Tom Brady,QB,261.7076861067107,265.68,-3.9723138932893107,-0.015178438021379354
DB-3800,Drew,Brees,Drew Brees,QB,258.49357895970786,227.76000000000002,30.73357895970784,0.11889494154320318
JM-2900,Josh,McCown,Josh McCown,QB,58.26219298682324,0.76,57.50219298682324,0.9869555201917669
BR-1100,Ben,Roethlisberger,Ben Roethlisberger,QB,237.63458781938783,12.739999999999998,224.89458781938782,0.9463882757265835
EM-0200,Eli,Manning,Eli Manning,QB,226.2221122382359,56.38,169.8421122382359,0.750775910267225
MS-0200,Matt,Schaub,Matt Schaub,QB,-0.06531897639798001,32.9,-32.96531897639798,504.6821122171999
PR-0300,Philip,Rivers,Philip Rivers,QB,275.8036905139946,240.5,35.30369051399458,0.12800296634247987
AR-1300,Aaron,Rodgers,Aaron Rodgers,QB,295.7322080405676,282.38,13.352208040567632,0.04514965795925758
RF-0500,Ryan,Fitzpatrick,Ryan Fitzpatrick,QB,120.32507268855619,242.46000000000004,-122.13492731144385,-1.0150413756871122
MM-4700,Matt,Moore,Matt Moore,QB,27.631354032801532,45.26,-17.628645967198466,-0.6379942852699609
JF-1900,Joe,Flacco,Joe Flacco,QB,191.96856830541077,85.88,106.08856830541077,0.5526350966822343
MR-2500,Matt,Ryan,Matt Ryan,QB,278.36568263119864,269.34,9.025682631198663,0.032423833806973314
BH-1900,Brian,Hoyer,Brian Hoyer,QB,48.55172998330779,21.080000000000002,27.471729983307785,0.565823915908921
CD-0300,Chase,Daniel,Chase Daniel,QB,6.340418359787298,25.999999999999996,-19.6595816402127,-3.1006757795194164
MS-4100,Matthew,Stafford,Matthew Stafford,QB,192.92262063501843,170.56,22.36262063501843,0.1159149744151841
CM-1500,Colt,McCoy,Colt McCoy,QB,23.62251307629812,4.16,19.46251307629812,0.823896806128812
AD-0100,Andy,Dalton,Andy Dalton,QB,186.1941182822345,205.62000000000003,-19.42588171776552,-0.10433133923338876
CN-0500,Cam,Newton,Cam Newton,QB,249.65867724818023,16.68,232.97867724818022,0.9331887832465812
TT-0500,Tyrod,Taylor,Tyrod Taylor,QB,2.607454358618849,6.02,-3.4125456413811506,-1.3087652445769955
AT-0160,Alex,Tanney,Alex Tanney,QB,0.0,0.04,-0.04,-inf
CK-0250,Case,Keenum,Case Keenum,QB,251.80658784364218,105.47999999999999,146.3265878436422,0.5811070675184353
KC-2350,Kirk,Cousins,Kirk Cousins,QB,279.5013927848377,250.38000000000005,29.121392784837667,0.10419051044677811
NF-0250,Nick,Foles,Nick Foles,QB,183.99088712861115,40.74,143.25088712861114,0.7785759901710653
RG-1850,Robert,Griffin,Robert Griffin,QB,-49.77758350177145,16.1,-65.87758350177145,1.323438762338213
RT-0150,Ryan,Tannehill,Ryan Tannehill,QB,171.64357626987993,231.18,-59.53642373012008,-0.3468607740758636
RW-3850,Russell,Wilson,Russell Wilson,QB,306.72285714285715,333.64,-26.917142857142835,-0.08775721218782886
MB-0450,Matt,Barkley,Matt Barkley,QB,13.78202646112698,5.959999999999999,7.822026461126981,0.5675527095517825
MG-0850,Mike,Glennon,Mike Glennon,QB,-32.68512547027942,4.24,-36.92512547027942,1.1297226166029386
RG-1885,Ryan,Griffin,Ryan Griffin,QB,-6.0215083280097837e-05,0.62,-0.6200602150832801,10297.423524252123
AM-1150,A.J.,McCarron,A.J. McCarron,QB,-4.861730685829017e-63,17.9,-17.9,3.681816447006198e+63
BB-2425,Blake,Bortles,Blake Bortles,QB,79.06805066827032,-0.78,79.84805066827032,1.009864920070845
DC-0725,Derek,Carr,Derek Carr,QB,219.047594039838,249.40000000000003,-30.35240596016203,-0.13856534737670692
GG-0310,Garrett,Gilbert,Garrett Gilbert,QB,0.0,-0.30000000000000004,0.30000000000000004,inf
JG-0650,Jimmy,Garoppolo,Jimmy Garoppolo,QB,64.20529291427636,252.35999999999999,-188.15470708572363,-2.9305170733655594
TB-2650,Teddy,Bridgewater,Teddy Bridgewater,QB,30.638735972918113,90.46000000000001,-59.821264027081895,-1.9524716711537484
BH-2300,Brett,Hundley,Brett Hundley,QB,-0.00036175914309257036,6.06,-6.060361759143092,16752.47709659769
JW-5650,Jameis,Winston,Jameis Winston,QB,240.35601460686485,308.35999999999996,-68.00398539313511,-0.28293024205932576
MM-0912,Marcus,Mariota,Marcus Mariota,QB,215.28223428125818,87.02000000000001,128.26223428125817,0.5957864322129264
SM-0425,Sean,Mannion,Sean Mannion,QB,0.0,-1.46,1.46,inf
TS-1450,Trevor,Siemian,Trevor Siemian,QB,0.07758711561054532,0.12,-0.042412884389454675,-0.5466485518336512
BA-0375,Brandon,Allen,Brandon Allen,QB,-6.021508328009768e-05,33.5,-33.50006021508328,556340.0130039467
CW-1425,Carson,Wentz,Carson Wentz,QB,-171.34578013554182,279.86,-451.20578013554183,2.6333054702521346
DP-2037,Dak,Prescott,Dak Prescott,QB,273.2125992119311,344.74,-71.52740078806892,-0.26180125292313144
JB-5725,Jacoby,Brissett,Jacoby Brissett,QB,-9.469913133900008,220.68000000000004,-230.14991313390004,24.303276057519344
JD-2850,Jeff,Driskel,Jeff Driskel,QB,315.7062770836221,58.099999999999994,257.6062770836221,0.8159681823981888
JG-1850,Jared,Goff,Jared Goff,QB,220.7839490345838,249.56,-28.776050965416204,-0.1303357924851172
DW-1725,Deshaun,Watson,Deshaun Watson,QB,345.22092322144164,323.98,21.24092322144162,0.06152849318410706
MT-1800,Mitchell,Trubisky,Mitchell Trubisky,QB,260.1346636586936,202.82,57.31466365869363,0.2203268985862361
NM-0687,Nick,Mullens,Nick Mullens,QB,635.8040273117543,-0.3,636.1040273117543,1.0004718435038362
PM-0025,Patrick,Mahomes,Patrick Mahomes,QB,250.31357201304976,296.04,-45.726427986950256,-0.18267658289246247
TH-1625,Taysom,Hill,Taysom Hill,QB,100.52806596981556,85.2,15.328065969815555,0.15247548853091378
BM-0650,Baker,Mayfield,Baker Mayfield,QB,191.94076997675037,233.18,-41.23923002324963,-0.21485393659848767
JA-1087,Josh,Allen,Josh Allen,QB,1799.5412267291845,291.56,1507.9812267291845,0.8379809277668318
JR-3250,Josh,Rosen,Josh Rosen,QB,-536.9557657108211,17.979999999999997,-554.9357657108211,1.0334850673894862
KA-0737,Kyle,Allen,Kyle Allen,QB,0.0,183.48000000000002,-183.48000000000002,-inf
LF-0025,Luke,Falk,Luke Falk,QB,-6.021508328009745e-05,8.64,-8.640060215083281,143486.6439508692
LJ-0150,Lamar,Jackson,Lamar Jackson,QB,1177.5419741401893,424.38000000000005,753.1619741401892,0.6396052036192837
MR-2350,Mason,Rudolph,Mason Rudolph,QB,-6.021508328009745e-05,111.9,-111.90006021508329,1858339.3747803548
SD-0175,Sam,Darnold,Sam Darnold,QB,-2404.480000004618,190.16,-2594.640000004618,1.0790857066807105
TB-2093,Tim,Boyle,Tim Boyle,QB,-6.021508328009745e-05,-0.10000000000000003,0.09993978491671994,-1659.7134716535793
DS-3300,Darren,Sproles,Darren Sproles,RB,78.98461719672025,11.000000000000002,67.98461719672025,0.8607323756143144
FG-0200,Frank,Gore,Frank Gore,RB,157.12182117969175,81.89999999999999,75.22182117969176,0.47874840435858124
AP-0700,Adrian,Peterson,Adrian Peterson,RB,153.73109575943846,130.0,23.73109575943846,0.1543675704788663
ML-2500,Marshawn,Lynch,Marshawn Lynch,RB,3.274510473927787,9.4,-6.125489526072213,-1.8706580952616916
LM-1000,LeSean,McCoy,LeSean McCoy,RB,191.7339999101331,90.59999999999998,101.13399991013311,0.5274703493252905
JD-1650,James,Develin,James Develin,RB,15.54250440744403,0.3,15.242504407444029,0.9806980913670311
AS-0900,Anthony,Sherman,Anthony Sherman,RB,10.579108352561253,3.0999999999999996,7.479108352561253,0.7069696332914981
BP-1200,Bilal,Powell,Bilal Powell,RB,21.1536547565211,26.200000000000003,-5.046345243478903,-0.2385566608495041
DL-1700,Dion,Lewis,Dion Lewis,RB,125.05818357850583,41.3,83.75818357850584,0.6697537192832028
MI-0100,Mark,Ingram,Mark Ingram,RB,133.5256699439497,216.00000000000003,-82.47433005605032,-0.617666476346239
NB-0200,Nick,Bellore,Nick Bellore,RB,1.2374999999999996,8.3,-7.062500000000001,-5.707070707070709
PD-0700,Patrick,DiMarco,Patrick DiMarco,RB,7.624999999999998,4.800000000000001,2.8249999999999975,0.3704918032786883
TJ-2400,Taiwan,Jones,Taiwan Jones,RB,5.828849005517952,4.9,0.9288490055179519,0.15935376000281454
AM-2850,Alfred,Morris,Alfred Morris,RB,96.0738881495618,0.4,95.67388814956179,0.9958365378178792
BB-2250,Brandon,Bolden,Brandon Bolden,RB,32.287480574978005,41.9,-9.612519425021993,-0.29771661504216146
JO-0550,Jamize,Olawale,Jamize Olawale,RB,9.015712706590044,0.0,9.015712706590044,1.0
CA-0750,C.J.,Anderson,C.J. Anderson,RB,148.59293445461188,4.3,144.29293445461187,0.9710618811332954
CT-1220,Chris,Thompson,Chris Thompson,RB,39.51651755196015,51.6,-12.083482448039852,-0.3057830800032244
GB-0350,Giovani,Bernard,Giovani Bernard,RB,113.10240601280822,38.4,74.70240601280821,0.6604846761999792
KB-0350,Kenjon,Barner,Kenjon Barner,RB,9.952961777146248,9.120000000000001,0.832961777146247,0.08368983984836291
KJ-1400,Kyle,Juszczyk,Kyle Juszczyk,RB,28.280225765481163,30.6,-2.319774234518839,-0.08202813703666945
LB-0250,Le'Veon,Bell,Le'Veon Bell,RB,84.662697420722,149.0,-64.337302579278,-0.7599250264796175
LM-1850,Latavius,Murray,Latavius Murray,RB,145.35340168625154,123.20000000000003,22.153401686251513,0.1524106173591321
RB-4670,Rex,Burkhead,Rex Burkhead,RB,51.620958989515145,74.10000000000001,-22.479041010484863,-0.43546345225881283
SW-0350,Spencer,Ware,Spencer Ware,RB,57.163026584425836,7.300000000000001,49.86302658442584,0.8722950753977591
ZL-0200,Zach,Line,Zach Line,RB,8.927761100548032,5.6000000000000005,3.327761100548032,0.3727430722069564
CH-5000,Carlos,Hyde,Carlos Hyde,RB,40.33451691617064,145.2,-104.86548308382935,-2.599894360995492
DF-1875,Devonta,Freeman,Devonta Freeman,RB,-5.4246833901294185,138.60000000000002,-144.02468339012944,26.549878220025185
DW-3125,Damien,Williams,Damien Williams,RB,122.46231744311476,115.1,7.362317443114762,0.060119043938023205
JW-2550,James,White,James White,RB,199.60960987813758,122.20000000000002,77.40960987813756,0.38780502564679337
KS-1450,Keith,Smith,Keith Smith,RB,3.2303517147929375,2.1,1.1303517147929374,0.3499159889050632
RN-1250,Roosevelt,Nix,Roosevelt Nix,RB,3.7799999999884157,0.4,3.379999999988416,0.8941798941795699
SP-0850,Senorise,Perry,Senorise Perry,RB,1.9281776837887175,0.4,1.5281776837887175,0.792550238827559
AA-0025,Ameer,Abdullah,Ameer Abdullah,RB,-23.226328207747848,24.300000000000004,-47.52632820774785,2.046226497044591
DJ-1325,David,Johnson,David Johnson,RB,169.59813559432996,105.5,64.09813559432996,0.37794127494213386
DJ-1850,Duke,Johnson,Duke Johnson,RB,105.89999999999995,110.0,-4.100000000000051,-0.03871576959395706
JA-0450,Jay,Ajayi,Jay Ajayi,RB,5.798853207297755,3.0,2.798853207297755,0.4826563300094314
JA-1025,Javorius,Allen,Javorius Allen,RB,-2.3395934566120897,10.500000000000002,-12.839593456612091,5.487959209462316
MB-3862,Malcolm,Brown,Malcolm Brown,RB,17.780182466271683,57.099999999999994,-39.31981753372831,-2.2114406085717335
MB-5175,Mike,Burton,Mike Burton,RB,3.0999999999909704,0.0,3.0999999999909704,1.0
MD-0150,Mike,Davis,Mike Davis,RB,117.62770419467847,4.9,112.72770419467847,0.9583431468500795
MG-1150,Melvin,Gordon,Melvin Gordon,RB,124.82690894751735,138.8,-13.973091052482658,-0.11193973455160659
RM-5050,Raheem,Mostert,Raheem Mostert,RB,6.616740079567269,157.20000000000002,-150.58325992043274,-22.75792280029848
TC-2050,Tevin,Coleman,Tevin Coleman,RB,126.74999999999994,116.39999999999999,10.349999999999952,0.08165680473372747
TG-1950,Todd,Gurley,Todd Gurley,RB,344.4795314555184,188.40000000000003,156.07953145551835,0.4530879695407169
TM-3150,Ty,Montgomery,Ty Montgomery,RB,57.82098942819209,19.3,38.520989428192095,0.666211177102587
TY-0150,T.J.,Yeldon,T.J. Yeldon,RB,26.782510967472344,16.7,10.082510967472345,0.3764587636953707
ZZ-0100,Zach,Zenner,Zach Zenner,RB,188.71905134419126,1.7,187.01905134419127,0.9909919004578955
AJ-0375,Andy,Janovich,Andy Janovich,RB,97.36941456668802,10.3,87.06941456668802,0.8942172955867413
CH-0525,C.J.,Ham,C.J. Ham,RB,7.800000000000004,20.599999999999998,-12.799999999999994,-1.6410256410256394
CP-2550,C.J.,Prosise,C.J. Prosise,RB,18.50129662636742,18.799999999999997,-0.29870337363257704,-0.016144996735357194
DB-2950,Devontae,Booker,Devontae Booker,RB,74.9666666666667,6.6,68.3666666666667,0.9119608714984438
DF-1375,D.J.,Foster,D.J. Foster,RB,-0.656045026201906,0.0,-0.656045026201906,1.0
DH-2450,Derrick,Henry,Derrick Henry,RB,264.7324177638884,284.5,-19.767582236111593,-0.07467004760158258
DV-0550,Dan,Vitale,Dan Vitale,RB,1.3944522745745402,10.0,-8.60554772542546,-6.171274472660665
DW-1350,DeAndre,Washington,DeAndre Washington,RB,43.612186796813866,85.9,-42.28781320318614,-0.9696329468687757
DW-1550,Dwayne,Washington,Dwayne Washington,RB,344.0582864685663,6.6,337.45828646856626,0.980817203771655
DW-1750,Derek,Watt,Derek Watt,RB,5.3000000000000025,10.200000000000001,-4.899999999999999,-0.9245283018867918
EE-0250,Ezekiel,Elliott,Ezekiel Elliott,RB,159.23955241146695,257.6,-98.36044758853308,-0.6176885459610855
EP-0350,Elijhaa,Penny,Elijhaa Penny,RB,3.3751554027434665,4.8,-1.4248445972565333,-0.42215673864923686
JF-1250,Josh,Ferguson,Josh Ferguson,RB,5.901429180615318,0.9,5.001429180615317,0.8474945691195839
JH-5575,Jordan,Howard,Jordan Howard,RB,179.26666666666674,101.39999999999999,77.86666666666675,0.4343622164373376
JR-2075,Jalen,Richard,Jalen Richard,RB,96.84826367620323,46.8,50.048263676203234,0.5167698601549703
JW-4625,Jonathan,Williams,Jonathan Williams,RB,-6.20423233648944,35.4,-41.60423233648944,6.705782453019883
KD-1462,Kenyan,Drake,Kenyan Drake,RB,222.04908199897864,166.20000000000002,55.84908199897862,0.25151683355860716
PB-0125,Peyton,Barber,Peyton Barber,RB,181.60656067121454,100.49999999999997,81.10656067121457,0.446605895576934
PP-0350,Paul,Perkins,Paul Perkins,RB,-36.10585219014494,3.8,-39.905852190144934,1.105246096394235
TC-0450,Tra,Carson,Tra Carson,RB,-6.021508328009768e-05,6.6,-6.60006021508328,109608.08912913578
TE-0350,Tyler,Ervin,Tyler Ervin,RB,2.209594491870713,2.1,0.10959449187071302,0.04959936869589444
TP-1950,Troymaine,Pope,Troymaine Pope,RB,-1.3592518228157504,7.4,-8.75925182281575,6.444171474179503
WS-0650,Wendell,Smallwood,Wendell Smallwood,RB,57.266666666666694,14.500000000000002,42.766666666666694,0.7467986030267755
AA-0557,Alex,Armah,Alex Armah,RB,15.852611090413603,7.7,8.152611090413604,0.5142756006512803
AE-0550,Austin,Ekeler,Austin Ekeler,RB,-10.159761003742382,223.0,-233.15976100374237,22.949335217418717
AJ-1143,Aaron,Jones,Aaron Jones,RB,-274.7309594827126,269.8,-544.5309594827127,1.9820516788788676
AK-0050,Alvin,Kamara,Alvin Kamara,RB,241.06821652383536,169.51999999999998,71.54821652383538,0.29679655640859287
BH-1225,Brian,Hill,Brian Hill,RB,217.60627635114906,57.20000000000001,160.40627635114905,0.7371399347521717
CC-0750,Chris,Carson,Chris Carson,RB,395.7011706380087,195.79999999999998,199.90117063800872,0.5051821563117898
CC-2350,Corey,Clement,Corey Clement,RB,26.722899936828554,-4.0,30.722899936828554,1.149684353474203
CM-1225,Christian,McCaffrey,Christian McCaffrey,RB,125.7719582233022,363.2,-237.4280417766978,-1.887766121563882
DC-3550,Dalvin,Cook,Dalvin Cook,RB,642.6515778775877,241.4,401.2515778775877,0.6243687741384775
DO-0025,Dare,Ogunbowale,Dare Ogunbowale,RB,-6.021508328009745e-05,40.3,-40.30006021508328,669268.5290763922
JC-4075,James,Conner,James Conner,RB,-71.06787252828818,111.49999999999999,-182.56787252828815,2.568922721805384
JM-5275,Joe,Mixon,Joe Mixon,RB,268.154903891246,190.5,77.65490389124602,0.2895897213303996
JW-3650,Jamaal,Williams,Jamaal Williams,RB,70.55444621618236,107.30000000000001,-36.745553783817655,-0.5208113131697957
KH-2850,Kareem,Hunt,Kareem Hunt,RB,8.996306728918803,60.8,-51.803693271081194,-5.758328926753599
LF-0650,Leonard,Fournette,Leonard Fournette,RB,16.906887374097035,183.4,-166.49311262590297,-9.847650187874695
MB-3537,Matt,Breida,Matt Breida,RB,162.88268872212686,86.3,76.58268872212686,0.4701708286064378
MM-0050,Marlon,Mack,Marlon Mack,RB,456.1253415112932,169.3,286.8253415112932,0.6288300942915088
PR-0125,Patrick,Ricard,Patrick Ricard,RB,-0.740631650306983,10.7,-11.440631650306983,15.447127658620824
RO-0550,Ricky,Ortiz,Ricky Ortiz,RB,2.0031887260918304,0.8,1.2031887260918304,0.6006367300395208
SP-0825,Samaje,Perine,Samaje Perine,RB,-27.58843921593916,1.6,-29.188439215939162,1.0579953069282588
TC-1975,Tarik,Cohen,Tarik Cohen,RB,131.04000000000005,82.89999999999999,48.14000000000006,0.3673687423687427
TE-0025,Trey,Edmunds,Trey Edmunds,RB,-7.109527243529511,14.0,-21.109527243529513,2.969188600091745
TL-1037,T.J.,Logan,T.J. Logan,RB,9.165440441184732,2.3000000000000003,6.865440441184731,0.7490573404781515
WG-0050,Wayne,Gallman,Wayne Gallman,RB,44.57571403482507,37.2,7.375714034825066,0.1654648544510749
BS-0825,Bo,Scarbrough,Bo Scarbrough,RB,-6.021508328009745e-05,42.2,-42.20006021508328,700822.0850378103
BS-1450,Boston,Scott,Boston Scott,RB,-6.021508328009745e-05,72.9,-72.90006021508329,1210661.120835459
CE-0175,Chase,Edmonds,Chase Edmonds,RB,153.48707686547232,70.80000000000001,82.6870768654723,0.5387233801966632
DD-0681,Dalyn,Dawkins,Dalyn Dawkins,RB,-6.021508328009745e-05,2.6,-2.60006021508328,43179.55026299305
DG-3200,Derrius,Guice,Derrius Guice,RB,-6.021508328009745e-05,52.400000000000006,-52.400060215083286,870214.8591464753
DH-3137,Dontrell,Hilliard,Dontrell Hilliard,RB,18.68041335630217,26.099999999999998,-7.419586643697826,-0.3971853567787726
DT-1992,De'Lance,Turner,De'Lance Turner,RB,1.9487091343397065,0.6,1.3487091343397064,0.6921038704920415
DW-3243,Darrel,Williams,Darrel Williams,RB,225.19877937137304,52.800000000000004,172.39877937137302,0.7655404698578403
GE-0150,Gus,Edwards,Gus Edwards,RB,330.3322081358867,87.60000000000001,242.73220813588665,0.7348124165840815
GH-1162,Gregory,Howell,Gregory Howell,RB,-6.021508328009745e-05,1.0,-1.00006021508328,16608.134716535787
IS-0250,Ito,Smith,Ito Smith,RB,-352.7764319579189,25.3,-378.0764319579189,1.0717168090271345
JA-0275,Josh,Adams,Josh Adams,RB,154.364761965607,1.2,153.164761965607,0.9922262050955168
JJ-0575,Justin,Jackson,Justin Jackson,RB,-595.4760690865635,22.2,-617.6760690865635,1.0372810951648384
JK-0775,John,Kelly,John Kelly,RB,10.709546748197145,0.9,9.809546748197144,0.9159628300654734
JS-0280,Jaylen,Samuels,Jaylen Samuels,RB,493.08828667831096,57.4,435.688286678311,0.8835908263271167
JW-3325,Jordan,Wilkins,Jordan Wilkins,RB,62.069924811831896,47.0,15.069924811831896,0.2427894806948314
JW-4975,Jeff,Wilson,Jeff Wilson,RB,-136.5689537494476,43.90000000000001,-180.4689537494476,1.3214493396540177
KB-0150,Kalen,Ballage,Kalen Ballage,RB,32.70000000000002,37.8,-5.09999999999998,-0.1559633027522929
KJ-0587,Kerryon,Johnson,Kerryon Johnson,RB,-597.7220595002179,75.0,-672.7220595002179,1.1254763795445508
MB-2950,Mike,Boone,Mike Boone,RB,-43.08488243984884,47.0,-90.08488243984884,2.090869867536881
MW-0650,Mark,Walton,Mark Walton,RB,7.499999999386465,27.0,-19.500000000613536,-2.600000000294497
NB-0125,Nick,Bawden,Nick Bawden,RB,-6.021508328009745e-05,1.7,-1.70006021508328,28233.129018110838
NC-0175,Nick,Chubb,Nick Chubb,RB,-703.3567084284701,221.2,-924.5567084284701,1.3144919176135155
NH-1237,Nyheim,Hines,Nyheim Hines,RB,42.89595826245845,73.9,-31.004041737541556,-0.7227730302198558
PL-0275,Phillip,Lindsay,Phillip Lindsay,RB,-541.4556936013325,162.7,-704.1556936013326,1.3004862667854669
RB-2350,Reggie,Bonnafon,Reggie Bonnafon,RB,-6.021508328009745e-05,25.3,-25.30006021508328,420161.50832835544
RF-1400,Royce,Freeman,Royce Freeman,RB,302.8910578240973,99.20000000000002,203.69105782409727,0.6724895059212675
RJ-2250,Ronald,Jones,Ronald Jones,RB,-118.83485724393756,135.3,-254.13485724393757,2.1385548242151184
RM-2050,Ray-Ray,McCloud,Ray-Ray McCloud,RB,19.70034788112388,-2.0,21.70034788112388,1.1015210498854349
RN-0025,Ryan,Nall,Ryan Nall,RB,-6.021508328009745e-05,0.8,-0.8000602150832802,13286.70777322863
RP-0550,Rashaad,Penny,Rashaad Penny,RB,-365.61368689602057,69.3,-434.9136868960206,1.1895443263854308
SB-0212,Saquon,Barkley,Saquon Barkley,RB,-134.27044453457867,196.1,-330.37044453457867,2.460485222043771
SM-2625,Sony,Michel,Sony Michel,RB,-456.2656705100798,140.8,-597.0656705100798,1.3085921407205443
TC-0325,Trenton,Cannon,Trenton Cannon,RB,-17.204746806398088,0.0,-17.204746806398088,1.0
JW-6000,Jason,Witten,Jason Witten,TE,39.3649163983371,76.9,-37.535083601662905,-0.9535161518404369
BW-0700,Benjamin,Watson,Benjamin Watson,TE,47.41439052364874,17.299999999999997,30.114390523648744,0.6351318701150166
DW-0500,Delanie,Walker,Delanie Walker,TE,3.4153065432113356,33.49999999999999,-30.084693456788656,-8.808782777226403
ML-1500,Marcedes,Lewis,Marcedes Lewis,TE,39.288312183759466,21.599999999999998,17.688312183759468,0.4502181743269504
VD-0100,Vernon,Davis,Vernon Davis,TE,67.35676532142492,20.3,47.05676532142492,0.6986197317651929
GO-0100,Greg,Olsen,Greg Olsen,TE,65.10172315085974,71.70000000000002,-6.598276849140277,-0.10135333643704236
JC-4300,Jared,Cook,Jared Cook,TE,90.71899703430272,126.50000000000003,-35.78100296569731,-0.39441576886225693
JG-2900,Jimmy,Graham,Jimmy Graham,TE,99.63554034860577,62.70000000000001,36.93554034860576,0.37070647902721604
CC-2100,Charles,Clay,Charles Clay,TE,57.82089713019916,29.700000000000003,28.120897130199154,0.4863448774735795
KR-1200,Kyle,Rudolph,Kyle Rudolph,TE,84.6639249294964,74.69999999999999,9.963924929496415,0.11768796376725789
LK-0200,Lance,Kendricks,Lance Kendricks,TE,41.7763333062448,5.0,36.7763333062448,0.8803150108137281
LS-1550,Lee,Smith,Lee Smith,TE,-2.676173697814564,9.1,-11.776173697814563,4.4003771905505635
LS-1900,Luke,Stocker,Luke Stocker,TE,10.962499999999997,5.300000000000001,5.662499999999996,0.5165336374002278
VG-0300,Virgil,Green,Virgil Green,TE,16.113366604962543,13.8,2.3133666049625425,0.14356817303778585
DC-0775,Derek,Carrier,Derek Carrier,TE,7.15643001552499,19.499999999999996,-12.343569984475007,-1.7248222867682852
GC-0350,Garrett,Celek,Garrett Celek,TE,57.461459933256066,0.0,57.461459933256066,1.0
RE-0400,Rhett,Ellison,Rhett Ellison,TE,21.18571428571429,22.699999999999996,-1.5142857142857054,-0.07147673634524569
DF-0550,Darren,Fells,Darren Fells,TE,23.857442187507395,76.10000000000001,-52.24255781249261,-2.1897803378037177
DH-1450,Demetrius,Harris,Demetrius Harris,TE,15.41666666666667,34.900000000000006,-19.483333333333334,-1.2637837837837835
JD-2550,Jack,Doyle,Jack Doyle,TE,33.11879321781521,68.8,-35.68120678218479,-1.0773703784288615
JH-4070,Josh,Hill,Josh Hill,TE,23.46232458287379,40.6,-17.13767541712621,-0.7304338219596439
LT-0550,Levine,Toilolo,Levine Toilolo,TE,34.60020675986731,1.0,33.60020675986731,0.9710984386035549
LW-1450,Luke,Willson,Luke Willson,TE,31.6,7.9,23.700000000000003,0.7500000000000001
RG-1870,Ryan,Griffin,Ryan Griffin,TE,30.980869172912165,63.99999999999999,-33.01913082708783,-1.0657909770962075
TE-0300,Tyler,Eifert,Tyler Eifert,TE,-6.206113280070923,63.6,-69.80611328007092,11.247959895323273
TK-0150,Travis,Kelce,Travis Kelce,TE,158.09736520923784,157.3,0.7973652092378245,0.005043507260114879
VM-0250,Vance,McDonald,Vance McDonald,TE,40.85358596374582,45.499999999999986,-4.646414036254164,-0.11373332173037325
ZE-0100,Zach,Ertz,Zach Ertz,TE,114.30575174253934,127.60000000000001,-13.294248257460666,-0.11630428088522127
CB-2775,Cameron,Brate,Cameron Brate,TE,77.27290233344904,55.1,22.172902333449038,0.28694279189577016
CM-0175,Chris,Manhertz,Chris Manhertz,TE,28.75013130575387,1.1,27.65013130575387,0.9617393051773696
EE-0050,Eric,Ebron,Eric Ebron,TE,112.25042227577286,57.50000000000001,54.750422275772856,0.48775248382820297
LT-0275,Logan,Thomas,Logan Thomas,TE,5.848,23.3,-17.452,-2.9842681258549937
SS-1525,Scott,Simonson,Scott Simonson,TE,51.60307870965413,1.1,50.503078709654126,0.9786834423932499
TB-3950,Trey,Burton,Trey Burton,TE,55.87522364528216,8.399999999999999,47.47522364528216,0.8496650312609665
XG-0100,Xavier,Grimble,Xavier Grimble,TE,7.919999999999999,0.3,7.619999999999999,0.9621212121212122
BB-1550,Blake,Bell,Blake Bell,TE,9.222791177253415,6.699999999999999,2.5227911772534153,0.27353879414243804
BK-1050,Ben,Koyack,Ben Koyack,TE,1.020022061205491,0.9,0.12002206120549108,0.11766614249857066
CU-0150,C.J.,Uzomah,C.J. Uzomah,TE,67.79764373986865,36.199999999999996,31.59764373986865,0.4660581400307212
CW-0225,Clive,Walford,Clive Walford,TE,15.350063257812359,5.7,9.65006325781236,0.6286660253925009
DB-4387,Daniel,Brown,Daniel Brown,TE,0.0035331528614080746,13.2,-13.196466847138591,-3735.0398821633144
DW-0675,Darren,Waller,Darren Waller,TE,30.675733144276943,131.1,-100.42426685572305,-3.273736486864009
ET-0375,Eric,Tomlinson,Eric Tomlinson,TE,13.88227428132531,0.1,13.78227428132531,0.9927965693535877
GS-1400,Geoff,Swaim,Geoff Swaim,TE,9.414988366948355,6.5,2.9149883669483554,0.30961146772963877
JH-3625,Jeff,Heuerman,Jeff Heuerman,TE,20.599999999999994,17.4,3.1999999999999957,0.15533980582524257
JJ-0725,Jesse,James,Jesse James,TE,43.72499999999998,14.199999999999998,29.524999999999984,0.675242995997713
JO-0150,James,O'Shaughnessy,James O'Shaughnessy,TE,12.724999999999994,27.3,-14.575000000000006,-1.1453831041257378
ML-0050,Matt,LaCosse,Matt LaCosse,TE,41.2357444595797,19.1,22.135744459579698,0.536809623536146
MP-2350,MyCole,Pruitt,MyCole Pruitt,TE,119.72457917708647,15.0,104.72457917708647,0.8747124433169795
MW-2450,Maxx,Williams,Maxx Williams,TE,16.77499999999999,26.2,-9.425000000000008,-0.561847988077497
NB-0450,Nick,Boyle,Nick Boyle,TE,11.817774900591944,44.1,-32.28222509940806,-2.7316669483856106
NO-0150,Nick,O'Leary,Nick O'Leary,TE,18.474999999999994,16.9,1.5749999999999957,0.08525033829499302
RT-1550,Ross,Travis,Ross Travis,TE,3.854505610592663,3.1,0.7545056105926631,0.19574640351260286
TK-0850,Tyler,Kroft,Tyler Kroft,TE,1.4905369932332362,12.600000000000001,-11.109463006766765,-7.453329274752444
AH-3650,Austin,Hooper,Austin Hooper,TE,70.81284847924354,116.7,-45.88715152075646,-0.6480060117085499
BB-2712,Ben,Braunecker,Ben Braunecker,TE,4.451509500530142,11.9,-7.448490499469858,-1.6732505004387381
HH-0225,Hunter,Henry,Hunter Henry,TE,51.70131559770211,95.20000000000002,-43.498684402297904,-0.8413457936113181
JH-5150,J.P.,Holtz,J.P. Holtz,TE,-6.021508328009768e-05,9.1,-9.10006021508328,151125.9259204751
JP-2075,Josh,Perkins,Josh Perkins,TE,3.7904193879513945,14.7,-10.909580612048604,-2.878198820617815
JV-0050,Jason,Vander Laan,Jason Vander Laan,TE,-6.021508328009768e-05,0.0,-6.021508328009768e-05,1.0
NV-0050,Nick,Vannett,Nick Vannett,TE,21.498695873571315,16.599999999999998,4.898695873571317,0.22786014102340788
SD-0534,Seth,DeValve,Seth DeValve,TE,9.782019793575241,14.0,-4.217980206424759,-0.43119726758221216
TH-1550,Tyler,Higbee,Tyler Higbee,TE,31.11132652982663,91.4,-60.28867347017338,-1.9378368007668922
AA-0581,Antony,Auclair,Antony Auclair,TE,3.649999981583517,1.1,2.549999981583517,0.698630135465706
AF-0550,Anthony,Firkser,Anthony Firkser,TE,49.940764279003545,26.4,23.540764279003547,0.4713737288337961
AS-0775,Adam,Shaheen,Adam Shaheen,TE,14.244424132377969,9.4,4.844424132377968,0.34009266273997407
BJ-0950,Blake,Jarwin,Blake Jarwin,TE,443.9626349619971,56.5,387.4626349619971,0.8727370378706839
CC-0775,Cethan,Carter,Cethan Carter,TE,-6.021508328009745e-05,7.3,-7.30006021508328,121233.08343071125
DA-1650,Dan,Arnold,Dan Arnold,TE,38.29848908055618,24.7,13.598489080556181,0.35506594142535036
DD-0075,Darrell,Daniels,Darrell Daniels,TE,1.3000000000000003,0.4,0.9000000000000002,0.6923076923076924
DN-1225,David,Njoku,David Njoku,TE,104.18975085200827,10.1,94.08975085200828,0.9030614823683945
EE-0400,Evan,Engram,Evan Engram,TE,146.3793436362274,67.4,78.97934363622738,0.5395525193260998
ES-0250,Eric,Saubert,Eric Saubert,TE,8.702311848879472,2.1,6.602311848879472,0.7586848142806557
GE-0400,Gerald,Everett,Gerald Everett,TE,191.78962044126177,52.79999999999999,138.9896204412618,0.7246983445792328
GK-0075,George,Kittle,George Kittle,TE,271.6538382387811,139.50000000000003,132.15383823878105,0.4864788183946774
JH-4850,Jacob,Hollister,Jacob Hollister,TE,1.5620016987063368,52.89999999999999,-51.33799830129365,-32.8668005571391
JM-6775,Johnny,Mundt,Johnny Mundt,TE,0.0,2.6,-2.6,-inf
JS-4550,Jonnu,Smith,Jonnu Smith,TE,-38.574993303733635,71.7,-110.27499330373364,2.858717108139076
JS-5475,Jeremy,Sprinkle,Jeremy Sprinkle,TE,21.913802265959824,30.1,-8.186197734040178,-0.3735635484288524
MA-0487,Mo,Alie-Cox,Mo Alie-Cox,TE,20.06837347969568,9.3,10.76837347969568,0.5365842673094886
OH-0250,O.J.,Howard,O.J. Howard,TE,53.01649318028738,49.9,3.116493180287378,0.05878346516978144
PB-0725,Pharaoh,Brown,Pharaoh Brown,TE,-6.021508328009745e-05,2.7,-2.70006021508328,44840.26373464663
RS-0687,Ricky,Seals-Jones,Ricky Seals-Jones,TE,40.44843453640995,44.89999999999999,-4.451565463590043,-0.11005532141380985
RT-1250,Robert,Tonyan Jr.,Robert Tonyan Jr.,TE,30.349636292159026,16.0,14.349636292159026,0.4728108157219111
SC-1850,Sean,Culkin,Sean Culkin,TE,4.745360465469968,1.2,3.545360465469968,0.7471214233919835
TS-3662,Tyrone,Swoopes,Tyrone Swoopes,TE,2.933084328216411,0.5,2.433084328216411,0.8295309837531856
CH-2950,Chris,Herndon,Chris Herndon,TE,-156.50299790477726,0.7,-157.20299790477725,1.004472757770595
DG-1287,Dallas,Goedert,Dallas Goedert,TE,62.95746477246816,86.7,-23.742535227531846,-0.37712025592737436
DS-0850,Dalton,Schultz,Dalton Schultz,TE,11.600000000000005,0.6,11.000000000000005,0.9482758620689655
DS-3137,Durham,Smythe,Durham Smythe,TE,38.37424324081532,6.5,31.874243240815318,0.8306155522283624
DY-0075,Deon,Yelder,Deon Yelder,TE,-6.021508328009745e-05,5.0,-5.0000602150832805,83036.67358267894
HH-0350,Hayden,Hurst,Hayden Hurst,TE,-3.5613107346281963,48.9,-52.46131073462819,14.73089956024441
IT-0150,Ian,Thomas,Ian Thomas,TE,569.1078847617421,19.6,549.507884761742,0.9655601327537299
JA-0462,Jordan,Akins,Jordan Akins,TE,69.6776741061306,55.800000000000004,13.877674106130591,0.19916959462499573
JG-2687,Jaeden,Graham,Jaeden Graham,TE,-6.021508328009745e-05,20.9,-20.90006021508328,347090.1155755979
JT-1775,Jordan,Thomas,Jordan Thomas,TE,43.66043971421802,0.8,42.860439714218025,0.9816767763852943
MA-1050,Mark,Andrews,Mark Andrews,TE,99.4057216091125,143.20000000000002,-43.79427839088751,-0.4405609423881784
MG-0325,Mike,Gesicki,Mike Gesicki,TE,12.036620066219292,85.00000000000001,-72.96337993378071,-6.061783086312746
RD-2300,Ross,Dwelley,Ross Dwelley,TE,5.788512997030035,21.1,-15.311487002969965,-2.6451503194043045
RI-0500,Ryan,Izzo,Ryan Izzo,TE,-6.021508328009745e-05,17.400000000000002,-17.400060215083283,288965.1440677227
TC-2375,Tyler,Conklin,Tyler Conklin,TE,96.34571310136383,5.8,90.54571310136383,0.9398001238114465
TF-1500,Troy,Fumagalli,Troy Fumagalli,TE,-6.021508328009745e-05,9.8,-9.800060215083281,162750.92022205074
TH-2875,Tanner,Hudson,Tanner Hudson,TE,-6.021508328009745e-05,2.5999999999999996,-2.6000602150832797,43179.55026299304
WD-0550,Will,Dissly,Will Dissly,TE,51.69141844416415,50.89999999999999,0.7914184441641581,0.015310441616513766
LF-0200,Larry,Fitzgerald,Larry Fitzgerald,WR,156.05466666666666,102.39999999999999,53.65466666666667,0.3438196871181894
TG-0900,Ted,Ginn,Ted Ginn,WR,65.83707456962443,55.9,9.937074569624436,0.1509343274223966
DA-0900,Danny,Amendola,Danny Amendola,WR,52.80431077131885,80.56,-27.75568922868115,-0.5256330178966545
DJ-0200,DeSean,Jackson,DeSean Jackson,WR,133.5180525561147,31.9,101.61805255611469,0.7610809969940721
MS-2100,Matthew,Slater,Matthew Slater,WR,0.0,0.0,0.0,
JE-0100,Julian,Edelman,Julian Edelman,WR,185.51437833634043,154.28,31.234378336340427,0.16836634775398387
MC-2900,Michael,Crabtree,Michael Crabtree,WR,108.16536097705021,2.2,105.96536097705021,0.9796607714324849
AB-3500,Antonio,Brown,Antonio Brown,WR,200.9023736654383,12.1,188.8023736654383,0.9397717419698084
AR-1100,Andre,Roberts,Andre Roberts,WR,51.02404481842395,2.6999999999999997,48.32404481842395,0.9470837717862565
DT-0900,Demaryius,Thomas,Demaryius Thomas,WR,60.08625797299237,49.3,10.786257972992374,0.17951289257920824
ES-0200,Emmanuel,Sanders,Emmanuel Sanders,WR,85.17455367438968,123.79999999999998,-38.6254463256103,-0.4534857496673236
GT-0100,Golden,Tate,Golden Tate,WR,95.29915092718028,111.19999999999999,-15.90084907281971,-0.16685194902701517
CH-3350,Chris,Hogan,Chris Hogan,WR,57.77590984815692,6.700000000000001,51.07590984815692,0.8840347124327678
DH-1800,Dwayne,Harris,Dwayne Harris,WR,46.266154676322806,0.7,45.5661546763228,0.9848701495748416
DI-0075,Dontrelle,Inman,Dontrelle Inman,WR,74.01337057636309,18.1,55.913370576363086,0.7554495916204036
JJ-4700,Julio,Jones,Julio Jones,WR,219.31310336880287,177.1,42.21310336880288,0.19247871066698727
RC-1500,Randall,Cobb,Randall Cobb,WR,38.09681104927364,99.89999999999998,-61.80318895072634,-1.6222667264929695
AJ-0430,Alshon,Jeffery,Alshon Jeffery,WR,129.89735709242171,79.2,50.69735709242171,0.3902878259205123
CB-1130,Cole,Beasley,Cole Beasley,WR,72.75959633470387,117.8,-45.040403665296125,-0.6190304225727731
JB-2950,Josh,Bellamy,Josh Bellamy,WR,21.00239043372505,2.0,19.00239043372505,0.9047727444972904
JG-2450,Josh,Gordon,Josh Gordon,WR,12.294446426495183,46.7,-34.40555357350482,-2.7984630116699707
JW-6560,Jarius,Wright,Jarius Wright,WR,47.085714285714296,28.89999999999999,18.185714285714305,0.3862257281553401
MJ-2250,Marvin,Jones,Marvin Jones,WR,111.25717457566515,131.90000000000003,-20.642825424334887,-0.18554152128225998
MS-0150,Mohamed,Sanu,Mohamed Sanu,WR,96.03365588213568,65.1,30.93365588213568,0.3221126551726956
TB-1060,Travis,Benjamin,Travis Benjamin,WR,68.27830601286763,3.0,65.27830601286763,0.9560621788209769
TH-1850,T.Y.,Hilton,T.Y. Hilton,WR,156.74169724676892,80.1,76.64169724676893,0.4889681469131139
AT-0350,Adam,Thielen,Adam Thielen,WR,199.4840493892443,84.4,115.08404938924429,0.5769085284843297
CP-0750,Cordarrelle,Patterson,Cordarrelle Patterson,WR,63.712846155664906,24.600000000000005,39.1128461556649,0.6138926215931927
DH-3950,DeAndre,Hopkins,DeAndre Hopkins,WR,238.0930753070127,166.54000000000005,71.55307530701265,0.3005256461774348
JB-6750,Jaron,Brown,Jaron Brown,WR,37.050000000000004,32.0,5.050000000000004,0.13630229419703113
KA-0650,Keenan,Allen,Keenan Allen,WR,164.7488243073243,157.49999999999994,7.248824307324355,0.04399924756854299
KS-2350,Kenny,Stills,Kenny Stills,WR,106.78666666666668,80.10000000000001,26.686666666666667,0.24990635535023098
MG-1050,Marquise,Goodwin,Marquise Goodwin,WR,91.06074556997915,26.1,64.96074556997914,0.7133781429458816
RS-0975,Russell,Shepard,Russell Shepard,WR,20.070443733231535,2.5,17.570443733231535,0.8754387280506092
RW-4050,Robert,Woods,Robert Woods,WR,99.66433599610754,142.9,-43.23566400389247,-0.4338127934307521
TA-1050,Tavon,Austin,Tavon Austin,WR,76.91898835203186,36.4,40.51898835203186,0.5267748474094632
AH-3900,Allen,Hurns,Allen Hurns,WR,8.217952593382842,51.599999999999994,-43.382047406617154,-5.278936196534975
AR-1250,Allen,Robinson,Allen Robinson,WR,76.05178287173528,156.9,-80.84821712826472,-1.0630680054485881
AW-1650,Albert,Wilson,Albert Wilson,WR,93.03133944997266,46.400000000000006,46.63133944997266,0.5012433414983617
BC-2325,Brandin,Cooks,Brandin Cooks,WR,187.88090066567477,75.5,112.38090066567477,0.5981496802894899
BF-0950,Bennie,Fowler,Bennie Fowler,WR,24.339999999999996,23.3,1.0399999999999956,0.04272801972062431
CL-0275,Cody,Latimer,Cody Latimer,WR,43.60651398729073,42.00000000000001,1.6065139872907253,0.03684114689284609
DA-0212,Davante,Adams,Davante Adams,WR,248.26545442060998,129.7,118.56545442061,0.47757532233919686
DM-2775,Donte,Moncrief,Donte Moncrief,WR,78.38,1.8,76.58,0.9770349578974229
DS-3187,Diontae,Spencer,Diontae Spencer,WR,-6.021508328009766e-05,1.7,-1.70006021508328,28233.12901811074
DT-0850,De'Anthony,Thomas,De'Anthony Thomas,WR,21.71612530271878,1.0,20.71612530271878,0.9539512695722564
JB-6950,John,Brown,John Brown,WR,92.6,151.82000000000002,-59.22000000000003,-0.6395248380129593
JL-0215,Jarvis,Landry,Jarvis Landry,WR,138.83599999999998,156.4,-17.56400000000002,-0.12650897461753452
JM-1550,Jordan,Matthews,Jordan Matthews,WR,61.61023908181757,3.3000000000000003,58.31023908181757,0.9464374745305298
ME-0600,Mike,Evans,Mike Evans,WR,174.85999999999996,169.7,5.159999999999968,0.029509321743108597
ML-0650,Marqise,Lee,Marqise Lee,WR,-4.131932798183715,1.9000000000000001,-6.031932798183715,1.4598332288548326
OB-0075,Odell,Beckham Jr.,Odell Beckham Jr.,WR,47.195963900718084,129.30000000000004,-82.10403609928196,-1.7396410479505588
PR-0150,Paul,Richardson,Paul Richardson,WR,4.268414758155084,36.5,-32.23158524184492,-7.551184003443989
QE-0100,Quincy,Enunwa,Quincy Enunwa,WR,17.206213688468114,-0.4,17.606213688468113,1.0232474155698814
RG-1650,Ryan,Grant,Ryan Grant,WR,10.881165195487295,1.4000000000000001,9.481165195487295,0.8713373085650223
SR-0750,Seth,Roberts,Seth Roberts,WR,70.11526273731185,39.099999999999994,31.015262737311858,0.44234680904657125
SW-0450,Sammy,Watkins,Sammy Watkins,WR,61.50700929234203,90.49999999999999,-28.992990707657952,-0.47137701932237736
TG-0025,Taylor,Gabriel,Taylor Gabriel,WR,83.88099366633037,61.300000000000004,22.580993666330365,0.26920274402274186
TJ-2350,T.J.,Jones,T.J. Jones,WR,59.81615126918321,9.8,50.01615126918321,0.8361646513180316
WS-0925,Willie,Snead,Willie Snead,WR,56.281329503117796,66.1,-9.818670496882199,-0.17445697504957267
AC-2350,Amari,Cooper,Amari Cooper,WR,141.33869845085593,171.50000000000003,-30.1613015491441,-0.2133973347690853
AH-3862,Adam,Humphries,Adam Humphries,WR,75.67335525868296,49.5,26.17335525868296,0.3458727998674244
BP-0450,Breshad,Perriman,Breshad Perriman,WR,177.7720434622103,102.1,75.6720434622103,0.42566897465121506
CC-3950,Chris,Conley,Chris Conley,WR,37.83905916726202,115.50000000000001,-77.66094083273799,-2.0524014746098516
DB-6375,Damiere,Byrd,Damiere Byrd,WR,7.578971396872406,39.9,-32.321028603127594,-4.2645666424424595
DC-1050,DeAndre,Carter,DeAndre Carter,WR,192.44340871266564,14.2,178.24340871266566,0.9262120740066406
DF-2200,Devin,Funchess,Devin Funchess,WR,87.32499999999996,3.2,84.12499999999996,0.9633552819925565
DJ-0850,Darius,Jennings,Darius Jennings,WR,12.436431046721909,1.7000000000000002,10.736431046721908,0.8633048345129449
DP-0350,DeVante,Parker,DeVante Parker,WR,39.465245333733066,176.2,-136.73475466626692,-3.464687816076805
DS-3031,Devin,Smith,Devin Smith,WR,4.374999999999998,19.3,-14.925000000000002,-3.4114285714285733
DW-2350,DeAndrew,White,DeAndrew White,WR,0.0,2.0,-2.0,-inf
GD-0050,Geremy,Davis,Geremy Davis,WR,-1.2109429718587843,3.8,-5.010942971858784,4.138050336232631
JC-5680,Jamison,Crowder,Jamison Crowder,WR,77.14722395947864,119.8,-42.65277604052136,-0.5528750595475037
JH-1350,Justin,Hardy,Justin Hardy,WR,32.274999999999984,19.5,12.774999999999984,0.39581719597211434
JK-2250,Jake,Kumerow,Jake Kumerow,WR,749.6509322386387,27.900000000000002,721.7509322386387,0.9627826781770499
JN-0625,J.J.,Nelson,J.J. Nelson,WR,7.492027525364451,9.6,-2.107972474635549,-0.28136208356135295
NA-0050,Nelson,Agholor,Nelson Agholor,WR,154.15733655320517,55.0,99.15733655320517,0.6432216511406997
PD-0800,Phillip,Dorsett,Phillip Dorsett,WR,39.95486078822481,73.8,-33.845139211775184,-0.847084398345589
SD-0537,Stefon,Diggs,Stefon Diggs,WR,127.77499999999995,158.99999999999997,-31.225000000000023,-0.2443748777147332
TL-1025,Tyler,Lockett,Tyler Lockett,WR,114.54999999999995,155.2,-40.650000000000034,-0.35486687036228765
TW-2875,Tyrell,Williams,Tyrell Williams,WR,71.26619741372086,105.10000000000001,-33.83380258627915,-0.474752460691345
AE-1037,Alex,Erickson,Alex Erickson,WR,27.475286793894682,53.239999999999995,-25.764713206105313,-0.9377413746170803
CC-4450,Cody,Core,Cody Core,WR,47.4511189286935,2.8,44.6511189286935,0.9409919078155426
CM-2675,Chris,Moore,Chris Moore,WR,40.69455528584793,2.1,38.59455528584793,0.9483960449930189
CR-1525,Chester,Rogers,Chester Rogers,WR,42.86666666666669,29.7,13.16666666666669,0.3071539657853814
DR-2225,Demarcus,Robinson,Demarcus Robinson,WR,635.7981969574134,70.9,564.8981969574135,0.888486629343573
DW-2850,D'haquille,Williams,D'haquille Williams,WR,-6.021508328009768e-05,22.6,-22.600060215083282,375322.2445937074
GA-0250,Geronimo,Allison,Geronimo Allison,WR,33.10985187440437,41.400000000000006,-8.290148125595636,-0.2503831233387169
JG-2950,Jakeem,Grant,Jakeem Grant,WR,-0.00034189399192920914,26.9,-26.90034189399193,78680.35861701185
JH-5125,Johnny,Holton,Johnny Holton,WR,-2.4775455791498997,3.0,-5.4775455791499,2.2108758059778526
JM-3475,J.D.,McKissic,J.D. McKissic,WR,3.3419329416564496,49.79999999999999,-46.45806705834354,-13.901555737176555
JM-4175,Jaydon,Mickens,Jaydon Mickens,WR,0.0,0.0,0.0,
KR-0312,Kalif,Raymond,Kalif Raymond,WR,0.5594429072256137,22.5,-21.940557092774387,-39.21858121605631
LT-0862,Laquon,Treadwell,Laquon Treadwell,WR,14.160186770575963,26.400000000000002,-12.239813229424039,-0.8643821884367833
MH-0225,Marvin,Hall,Marvin Hall,WR,12.300000000000008,34.800000000000004,-22.499999999999996,-1.8292682926829253
MJ-1450,Marcus,Johnson,Marcus Johnson,WR,19.069649946865734,41.70000000000001,-22.630350053134276,-1.1867207901660395
MT-0875,Michael,Thomas,Michael Thomas,WR,170.9000000000001,225.6,-54.6999999999999,-0.32007021650087697
MT-0887,Mike,Thomas,Mike Thomas,WR,6.241826073746334,1.4,4.841826073746335,0.7757066628484697
PC-0625,Pharoh,Cooper,Pharoh Cooper,WR,2.351889287763895,30.499999999999996,-28.1481107122361,-11.968297512421799
RA-1125,Robby,Anderson,Robby Anderson,WR,152.12453908493666,112.19999999999997,39.92453908493668,0.2624464095345286
RH-1950,Rashard,Higgins,Rashard Higgins,WR,43.500000000000014,11.5,32.000000000000014,0.7356321839080461
SS-1250,Sterling,Shepard,Sterling Shepard,WR,108.46666666666671,84.80000000000001,23.6666666666667,0.21819299323909055
TB-2075,Tyler,Boyd,Tyler Boyd,WR,26.003679995750616,134.8,-108.7963200042494,-4.183881666826707
TD-0737,Trevor,Davis,Trevor Davis,WR,6.94782670990418,22.4,-15.452173290095818,-2.224029748477841
TH-1750,Tyreek,Hill,Tyreek Hill,WR,199.06666666666675,138.29999999999998,60.766666666666765,0.30525787006028166
TJ-2650,Tevin,Jones,Tevin Jones,WR,-6.021508328009768e-05,6.1,-6.10006021508328,101304.52177086791
TS-1262,Tajae,Sharpe,Tajae Sharpe,WR,3.085227583049459,56.9,-53.81477241695054,-17.44272374349761
WF-0300,Will,Fuller,Will Fuller,WR,80.52752480716762,86.99999999999999,-6.472475192832363,-0.08037593615762369
AC-0387,Austin,Carr,Austin Carr,WR,29.868390640050865,0.9,28.968390640050867,0.9698678107285372
AP-0388,Andre,Patton,Andre Patton,WR,-6.021508328009745e-05,5.6,-5.60006021508328,93000.9544126004
BW-2475,Bobo,Wilson,Bobo Wilson,WR,15.587576626049163,1.5,14.087576626049163,0.9037695187657794
CB-1750,C.J.,Board,C.J. Board,WR,-6.021508328009745e-05,3.0999999999999996,-3.1000602150832797,51483.117621260935
CD-0975,Corey,Davis,Corey Davis,WR,78.05000000000001,72.1,5.950000000000017,0.07623318385650245
CG-1425,Chris,Godwin,Chris Godwin,WR,85.70360291021342,192.1,-106.39639708978657,-1.2414460241683394
CG-2162,Cyril,Grayson,Cyril Grayson,WR,-6.021508328009745e-05,0.3,-0.30006021508328007,4983.140414960736
CH-3775,Cody,Hollister,Cody Hollister,WR,-6.021508328009745e-05,1.3,-1.30006021508328,21590.275131496524
CK-1300,Cooper,Kupp,Cooper Kupp,WR,-10.316648217003419,178.6,-188.9166482170034,18.311824174215786
CS-0050,Curtis,Samuel,Curtis Samuel,WR,169.182206889928,117.7,51.48220688992801,0.3043003625282117
CW-2450,Chad,Williams,Chad Williams,WR,79.615463683667,0.0,79.615463683667,1.0
DM-3050,David,Moore,David Moore,WR,-48.86057725701064,44.6,-93.46057725701064,1.912801331949075
DW-2275,Dede,Westbrook,Dede Westbrook,WR,9.494452860703744,90.7,-81.20554713929626,-8.552946476294071
FB-0750,Fred,Brown,Fred Brown,WR,-6.021508328009745e-05,2.1,-2.10006021508328,34875.982904725155
GW-0250,Greg,Ward Jr.,Greg Ward Jr.,WR,-6.021508328009745e-05,31.900000000000002,-31.900060215083283,529768.5974574917
IF-0175,Isaiah,Ford,Isaiah Ford,WR,-6.021508328009745e-05,25.5,-25.50006021508328,423482.9352716626
IM-0125,Isaiah,McKenzie,Isaiah McKenzie,WR,15.145537036716668,36.300000000000004,-21.154462963283336,-1.3967456493618873
JN-0350,JoJo,Natson,JoJo Natson,WR,-4.271495405486967,0.0,-4.271495405486967,1.0
JR-1950,Josh,Reynolds,Josh Reynolds,WR,209.9146201298703,40.900000000000006,169.01462012987028,0.8051588785254884
JR-3280,John,Ross,John Ross,WR,31.550000000000008,71.0,-39.44999999999999,-1.25039619651347
JS-4750,Juju,Smith-Schuster,Juju Smith-Schuster,WR,165.80000000000004,73.19999999999999,92.60000000000005,0.5585042219541618
KB-1625,Kendrick,Bourne,Kendrick Bourne,WR,97.70529643126065,67.80000000000001,29.905296431260638,0.3060765129790087
KC-1550,Keelan,Cole,Keelan Cole,WR,72.0,54.7,17.299999999999997,0.24027777777777773
KG-0650,Kenny,Golladay,Kenny Golladay,WR,128.9669198817258,191.00000000000003,-62.03308011827423,-0.48099993529475704
KH-2075,Krishawn,Hogan,Krishawn Hogan,WR,-6.021508328009745e-05,0.4,-0.4000602150832801,6643.853886614315
MH-3050,Mack,Hollins,Mack Hollins,WR,-20.75641606367919,12.5,-33.25641606367919,1.6022234263203676
MW-2825,Mike,Williams,Mike Williams,WR,238.1589695918919,114.29999999999998,123.8589695918919,0.5200684643712393
RD-0150,Rashard,Davis,Rashard Davis,WR,-6.021508328009745e-05,1.6,-1.6000602150832801,26572.41554645726
RD-0450,Robert,Davis,Robert Davis,WR,-6.021508328009745e-05,1.7000000000000002,-1.7000602150832802,28233.12901811084
RS-3525,Ryan,Switzer,Ryan Switzer,WR,51.587370098260216,2.6999999999999997,48.88737009826021,0.9476616079699891
TP-0675,Tim,Patrick,Tim Patrick,WR,19.507663282463056,21.799999999999997,-2.2923367175369407,-0.11750954916254368
TT-0150,Taywan,Taylor,Taywan Taylor,WR,115.14948448432686,0.0,115.14948448432686,1.0
ZJ-0100,Zay,Jones,Zay Jones,WR,328.6324349179167,21.9,306.73243491791675,0.9333601991980189
ZP-0050,Zach,Pascal,Zach Pascal,WR,83.82396482226588,94.30000000000003,-10.476035177734147,-0.12497661259458145
AC-0237,Antonio,Callaway,Antonio Callaway,WR,260.07571852540184,8.9,251.17571852540183,0.9657791967260075
AL-0387,Allen,Lazard,Allen Lazard,WR,0.0,67.8,-67.8,-inf
AM-1975,Anthony,Miller,Anthony Miller,WR,-475.3856277938578,75.5,-550.8856277938578,1.1588184319967267
AT-0247,Auden,Tate,Auden Tate,WR,91.20390346120303,61.50000000000001,29.70390346120302,0.32568675609195474
BB-1950,Braxton,Berrios,Braxton Berrios,WR,-6.021508328009745e-05,9.5,-9.50006021508328,157768.77980708997
BP-1375,Byron,Pringle,Byron Pringle,WR,-6.021508328009745e-05,22.999999999999996,-23.000060215083277,381965.09848032304
BZ-0100,Brandon,Zylstra,Brandon Zylstra,WR,-35.03944424538928,10.6,-45.63944424538928,1.3025162136067503
CB-1152,Chad,Beebe,Chad Beebe,WR,-24.62498838074281,7.0,-31.62498838074281,1.2842640935203091
CB-1650,Christian,Blake,Christian Blake,WR,-6.021508328009745e-05,9.100000000000001,-9.100060215083282,151125.92592047568
CK-0825,Christian,Kirk,Christian Kirk,WR,-665.9888171602192,102.2,-768.1888171602193,1.1534560301414392
CL-0125,Chris,Lacy,Chris Lacy,WR,-6.021508328009745e-05,6.0,-6.0000602150832805,99643.80829921472
CM-1650,Codey,McElroy,Codey McElroy,WR,-6.021508328009745e-05,3.0,-3.00006021508328,49822.40414960736
CR-0862,Calvin,Ridley,Calvin Ridley,WR,43.15183080423694,134.0,-90.84816919576306,-2.1053143633211264
CS-1925,Cam,Sims,Cam Sims,WR,-6.021508328009745e-05,2.7,-2.70006021508328,44840.26373464663
CS-4462,Courtland,Sutton,Courtland Sutton,WR,56.72394535356042,152.42,-95.69605464643956,-1.6870486361617822
CW-3250,Cedrick,Wilson,Cedrick Wilson,WR,-6.021508328009745e-05,4.6,-4.60006021508328,76393.81969606462
DB-5912,Deontay,Burnett,Deontay Burnett,WR,461.45684094447074,4.8,456.65684094447073,0.9895981604906414
DC-0025,Deon,Cain,Deon Cain,WR,-6.021508328009745e-05,12.399999999999999,-12.400060215083279,205929.47048504374
DC-1418,D.J.,Chark,D.J. Chark,WR,-154.8449239645618,152.8,-307.6449239645618,1.986793729415181
DH-1050,DaeSean,Hamilton,DaeSean Hamilton,WR,329.5793319658842,35.7,293.8793319658842,0.8916801008514229
DM-2850,D.J.,Moore,D.J. Moore,WR,-234.2828482739307,147.5,-381.7828482739307,1.6295808723801175
DP-1263,Dante,Pettis,Dante Pettis,WR,5.781736837846854,23.54,-17.758263162153145,-3.0714409285993045
DR-0550,Damion,Ratley,Damion Ratley,WR,-162.18292902935494,28.0,-190.18292902935494,1.1726445573993305
DS-0875,Da'Mari,Scott,Da'Mari Scott,WR,-6.021508328009745e-05,2.7,-2.70006021508328,44840.26373464663
JS-1350,Jaleel,Scott,Jaleel Scott,WR,-6.021508328009745e-05,0.6,-0.6000602150832801,9965.280829921472
JW-0934,James,Washington,James Washington,WR,354.93817364767824,91.5,263.43817364767824,0.7422086245058963
JW-1050,Justin,Watson,Justin Watson,WR,-7.609307167999216,27.900000000000002,-35.50930716799922,4.6665624588442
JW-5475,Javon,Wims,Javon Wims,WR,0.0,24.6,-24.6,-inf
KC-2375,Keke,Coutee,Keke Coutee,WR,32.27723772172408,30.8,1.4772377217240766,0.04576716677120816
KH-2025,Khadarel,Hodge,Khadarel Hodge,WR,-13.344861527619265,5.699999999999999,-19.044861527619265,1.427130696575829
MA-1287,Marcell,Ateman,Marcell Ateman,WR,-115.12370325671435,9.6,-124.72370325671434,1.0833885614206915
MG-0175,Michael,Gallup,Michael Gallup,WR,38.16852997483476,150.7,-112.53147002516522,-2.948278859556796
MT-2350,Malik,Turner,Malik Turner,WR,-14.709603279855557,30.500000000000004,-45.20960327985556,3.0734753629806595
MV-0012,Marquez,Valdes-Scantling,Marquez Valdes-Scantling,WR,-148.4766468409536,62.1,-210.5766468409536,1.4182475919362643
RF-1075,Robert,Foster,Robert Foster,WR,141.433893431742,9.3,132.133893431742,0.9342448986282886
RG-0012,Rico,Gafford,Rico Gafford,WR,-6.021508328009745e-05,14.6,-14.60006021508328,242465.1668614225
RG-0025,Russell,Gage,Russell Gage,WR,74.24064183408096,49.79999999999999,24.44064183408097,0.32920838546497094
RJ-0450,Richie,James,Richie James,WR,315.3960839521243,22.4,292.9960839521243,0.9289781923753999
SM-2825,Steven,Mitchell,Steven Mitchell,WR,-6.021508328009745e-05,3.7,-3.70006021508328,61447.39845118242
TQ-0100,Trey,Quinn,Trey Quinn,WR,-85.1365716827367,25.499999999999996,-110.6365716827367,1.2995187555240808
TS-1425,Trent,Sherfield,Trent Sherfield,WR,-493.599999999424,8.0,-501.599999999424,1.0162074554295164
TS-2425,Tre'Quan,Smith,Tre'Quan Smith,WR,-367.4052370453055,53.4,-420.8052370453055,1.1453436005143691
VS-0175,Vyncint,Smith,Vyncint Smith,WR,370.87354078231635,26.099999999999998,344.77354078231633,0.9296256078421098
